# Blender 4.4.0
# www.blender.org
mtllib EventTimers.mtl
o Post_L
v -2.900000 -0.250000 0.400000
v -2.900000 5.250000 0.400000
v -2.900000 -0.250000 -0.400000
v -2.900000 5.250000 -0.400000
v -2.100000 -0.250000 0.400000
v -2.100000 5.250000 0.400000
v -2.100000 -0.250000 -0.400000
v -2.100000 5.250000 -0.400000
vn -1.0000 -0.0000 -0.0000
vn -0.0000 -0.0000 -1.0000
vn 1.0000 -0.0000 -0.0000
vn -0.0000 -0.0000 1.0000
vn -0.0000 -1.0000 -0.0000
vn -0.0000 1.0000 -0.0000
vt 0.625000 0.000000
vt 0.375000 0.250000
vt 0.375000 0.000000
vt 0.625000 0.250000
vt 0.375000 0.500000
vt 0.625000 0.500000
vt 0.375000 0.750000
vt 0.625000 0.750000
vt 0.375000 1.000000
vt 0.125000 0.750000
vt 0.125000 0.500000
vt 0.875000 0.500000
vt 0.625000 1.000000
vt 0.875000 0.750000
s 0
usemtl Wood
f 2/1/1 3/2/1 1/3/1
f 4/4/2 7/5/2 3/2/2
f 8/6/3 5/7/3 7/5/3
f 6/8/4 1/9/4 5/7/4
f 7/5/5 1/10/5 3/11/5
f 4/12/6 6/8/6 8/6/6
f 2/1/1 4/4/1 3/2/1
f 4/4/2 8/6/2 7/5/2
f 8/6/3 6/8/3 5/7/3
f 6/8/4 2/13/4 1/9/4
f 7/5/5 5/7/5 1/10/5
f 4/12/6 2/14/6 6/8/6
o Post_R
v 2.100000 -0.250000 0.400000
v 2.100000 5.250000 0.400000
v 2.100000 -0.250000 -0.400000
v 2.100000 5.250000 -0.400000
v 2.900000 -0.250000 0.400000
v 2.900000 5.250000 0.400000
v 2.900000 -0.250000 -0.400000
v 2.900000 5.250000 -0.400000
vn -1.0000 -0.0000 -0.0000
vn -0.0000 -0.0000 -1.0000
vn 1.0000 -0.0000 -0.0000
vn -0.0000 -0.0000 1.0000
vn -0.0000 -1.0000 -0.0000
vn -0.0000 1.0000 -0.0000
vt 0.625000 0.000000
vt 0.375000 0.250000
vt 0.375000 0.000000
vt 0.625000 0.250000
vt 0.375000 0.500000
vt 0.625000 0.500000
vt 0.375000 0.750000
vt 0.625000 0.750000
vt 0.375000 1.000000
vt 0.125000 0.750000
vt 0.125000 0.500000
vt 0.875000 0.500000
vt 0.625000 1.000000
vt 0.875000 0.750000
s 0
usemtl Wood
f 10/15/7 11/16/7 9/17/7
f 12/18/8 15/19/8 11/16/8
f 16/20/9 13/21/9 15/19/9
f 14/22/10 9/23/10 13/21/10
f 15/19/11 9/24/11 11/25/11
f 12/26/12 14/22/12 16/20/12
f 10/15/7 12/18/7 11/16/7
f 12/18/8 16/20/8 15/19/8
f 16/20/9 14/22/9 13/21/9
f 14/22/10 10/27/10 9/23/10
f 15/19/11 13/21/11 9/24/11
f 12/26/12 10/28/12 14/22/12
o Header
v -3.250000 4.800000 0.300000
v -3.250000 5.600000 0.300000
v -3.250000 4.800000 -0.300000
v -3.250000 5.600000 -0.300000
v 3.250000 4.800000 0.300000
v 3.250000 5.600000 0.300000
v 3.250000 4.800000 -0.300000
v 3.250000 5.600000 -0.300000
vn -1.0000 -0.0000 -0.0000
vn -0.0000 -0.0000 -1.0000
vn 1.0000 -0.0000 -0.0000
vn -0.0000 -0.0000 1.0000
vn -0.0000 -1.0000 -0.0000
vn -0.0000 1.0000 -0.0000
vt 0.625000 0.000000
vt 0.375000 0.250000
vt 0.375000 0.000000
vt 0.625000 0.250000
vt 0.375000 0.500000
vt 0.625000 0.500000
vt 0.375000 0.750000
vt 0.625000 0.750000
vt 0.375000 1.000000
vt 0.125000 0.750000
vt 0.125000 0.500000
vt 0.875000 0.500000
vt 0.625000 1.000000
vt 0.875000 0.750000
s 0
usemtl Wood
f 18/29/13 19/30/13 17/31/13
f 20/32/14 23/33/14 19/30/14
f 24/34/15 21/35/15 23/33/15
f 22/36/16 17/37/16 21/35/16
f 23/33/17 17/38/17 19/39/17
f 20/40/18 22/36/18 24/34/18
f 18/29/13 20/32/13 19/30/13
f 20/32/14 24/34/14 23/33/14
f 24/34/15 22/36/15 21/35/15
f 22/36/16 18/41/16 17/37/16
f 23/33/17 21/35/17 17/38/17
f 20/40/18 18/42/18 22/36/18
o MainBoard
v -2.400000 1.050000 0.000000
v -2.400000 4.550000 0.000000
v -2.400000 1.050000 -0.200000
v -2.400000 4.550000 -0.200000
v 2.400000 1.050000 0.000000
v 2.400000 4.550000 0.000000
v 2.400000 1.050000 -0.200000
v 2.400000 4.550000 -0.200000
vn -1.0000 -0.0000 -0.0000
vn -0.0000 -0.0000 -1.0000
vn 1.0000 -0.0000 -0.0000
vn -0.0000 -0.0000 1.0000
vn -0.0000 -1.0000 -0.0000
vn -0.0000 1.0000 -0.0000
vt 0.625000 0.000000
vt 0.375000 0.250000
vt 0.375000 0.000000
vt 0.625000 0.250000
vt 0.375000 0.500000
vt 0.625000 0.500000
vt 0.375000 0.750000
vt 0.625000 0.750000
vt 0.375000 1.000000
vt 0.125000 0.750000
vt 0.125000 0.500000
vt 0.875000 0.500000
vt 0.625000 1.000000
vt 0.875000 0.750000
s 0
usemtl Wood
f 26/43/19 27/44/19 25/45/19
f 28/46/20 31/47/20 27/44/20
f 32/48/21 29/49/21 31/47/21
f 30/50/22 25/51/22 29/49/22
f 31/47/23 25/52/23 27/53/23
f 28/54/24 30/50/24 32/48/24
f 26/43/19 28/46/19 27/44/19
f 28/46/20 32/48/20 31/47/20
f 32/48/21 30/50/21 29/49/21
f 30/50/22 26/55/22 25/51/22
f 31/47/23 29/49/23 25/52/23
f 28/54/24 26/56/24 30/50/24
o Slat_3.8
v -2.300000 3.500000 -0.200000
v -2.300000 4.100000 -0.200000
v -2.300000 3.500000 -0.300000
v -2.300000 4.100000 -0.300000
v 2.300000 3.500000 -0.200000
v 2.300000 4.100000 -0.200000
v 2.300000 3.500000 -0.300000
v 2.300000 4.100000 -0.300000
vn -1.0000 -0.0000 -0.0000
vn -0.0000 -0.0000 -1.0000
vn 1.0000 -0.0000 -0.0000
vn -0.0000 -0.0000 1.0000
vn -0.0000 -1.0000 -0.0000
vn -0.0000 1.0000 -0.0000
vt 0.625000 0.000000
vt 0.375000 0.250000
vt 0.375000 0.000000
vt 0.625000 0.250000
vt 0.375000 0.500000
vt 0.625000 0.500000
vt 0.375000 0.750000
vt 0.625000 0.750000
vt 0.375000 1.000000
vt 0.125000 0.750000
vt 0.125000 0.500000
vt 0.875000 0.500000
vt 0.625000 1.000000
vt 0.875000 0.750000
s 0
usemtl Wood
f 34/57/25 35/58/25 33/59/25
f 36/60/26 39/61/26 35/58/26
f 40/62/27 37/63/27 39/61/27
f 38/64/28 33/65/28 37/63/28
f 39/61/29 33/66/29 35/67/29
f 36/68/30 38/64/30 40/62/30
f 34/57/25 36/60/25 35/58/25
f 36/60/26 40/62/26 39/61/26
f 40/62/27 38/64/27 37/63/27
f 38/64/28 34/69/28 33/65/28
f 39/61/29 37/63/29 33/66/29
f 36/68/30 34/70/30 38/64/30
o Slat_3.0
v -2.300000 2.700000 -0.200000
v -2.300000 3.300000 -0.200000
v -2.300000 2.700000 -0.300000
v -2.300000 3.300000 -0.300000
v 2.300000 2.700000 -0.200000
v 2.300000 3.300000 -0.200000
v 2.300000 2.700000 -0.300000
v 2.300000 3.300000 -0.300000
vn -1.0000 -0.0000 -0.0000
vn -0.0000 -0.0000 -1.0000
vn 1.0000 -0.0000 -0.0000
vn -0.0000 -0.0000 1.0000
vn -0.0000 -1.0000 -0.0000
vn -0.0000 1.0000 -0.0000
vt 0.625000 0.000000
vt 0.375000 0.250000
vt 0.375000 0.000000
vt 0.625000 0.250000
vt 0.375000 0.500000
vt 0.625000 0.500000
vt 0.375000 0.750000
vt 0.625000 0.750000
vt 0.375000 1.000000
vt 0.125000 0.750000
vt 0.125000 0.500000
vt 0.875000 0.500000
vt 0.625000 1.000000
vt 0.875000 0.750000
s 0
usemtl Wood
f 42/71/31 43/72/31 41/73/31
f 44/74/32 47/75/32 43/72/32
f 48/76/33 45/77/33 47/75/33
f 46/78/34 41/79/34 45/77/34
f 47/75/35 41/80/35 43/81/35
f 44/82/36 46/78/36 48/76/36
f 42/71/31 44/74/31 43/72/31
f 44/74/32 48/76/32 47/75/32
f 48/76/33 46/78/33 45/77/33
f 46/78/34 42/83/34 41/79/34
f 47/75/35 45/77/35 41/80/35
f 44/82/36 42/84/36 46/78/36
o Slat_2.2
v -2.300000 1.900000 -0.200000
v -2.300000 2.500000 -0.200000
v -2.300000 1.900000 -0.300000
v -2.300000 2.500000 -0.300000
v 2.300000 1.900000 -0.200000
v 2.300000 2.500000 -0.200000
v 2.300000 1.900000 -0.300000
v 2.300000 2.500000 -0.300000
vn -1.0000 -0.0000 -0.0000
vn -0.0000 -0.0000 -1.0000
vn 1.0000 -0.0000 -0.0000
vn -0.0000 -0.0000 1.0000
vn -0.0000 -1.0000 -0.0000
vn -0.0000 1.0000 -0.0000
vt 0.625000 0.000000
vt 0.375000 0.250000
vt 0.375000 0.000000
vt 0.625000 0.250000
vt 0.375000 0.500000
vt 0.625000 0.500000
vt 0.375000 0.750000
vt 0.625000 0.750000
vt 0.375000 1.000000
vt 0.125000 0.750000
vt 0.125000 0.500000
vt 0.875000 0.500000
vt 0.625000 1.000000
vt 0.875000 0.750000
s 0
usemtl Wood
f 50/85/37 51/86/37 49/87/37
f 52/88/38 55/89/38 51/86/38
f 56/90/39 53/91/39 55/89/39
f 54/92/40 49/93/40 53/91/40
f 55/89/41 49/94/41 51/95/41
f 52/96/42 54/92/42 56/90/42
f 50/85/37 52/88/37 51/86/37
f 52/88/38 56/90/38 55/89/38
f 56/90/39 54/92/39 53/91/39
f 54/92/40 50/97/40 49/93/40
f 55/89/41 53/91/41 49/94/41
f 52/96/42 50/98/42 54/92/42
o Slat_1.4
v -2.300000 1.100000 -0.200000
v -2.300000 1.700000 -0.200000
v -2.300000 1.100000 -0.300000
v -2.300000 1.700000 -0.300000
v 2.300000 1.100000 -0.200000
v 2.300000 1.700000 -0.200000
v 2.300000 1.100000 -0.300000
v 2.300000 1.700000 -0.300000
vn -1.0000 -0.0000 -0.0000
vn -0.0000 -0.0000 -1.0000
vn 1.0000 -0.0000 -0.0000
vn -0.0000 -0.0000 1.0000
vn -0.0000 -1.0000 -0.0000
vn -0.0000 1.0000 -0.0000
vt 0.625000 0.000000
vt 0.375000 0.250000
vt 0.375000 0.000000
vt 0.625000 0.250000
vt 0.375000 0.500000
vt 0.625000 0.500000
vt 0.375000 0.750000
vt 0.625000 0.750000
vt 0.375000 1.000000
vt 0.125000 0.750000
vt 0.125000 0.500000
vt 0.875000 0.500000
vt 0.625000 1.000000
vt 0.875000 0.750000
s 0
usemtl Wood
f 58/99/43 59/100/43 57/101/43
f 60/102/44 63/103/44 59/100/44
f 64/104/45 61/105/45 63/103/45
f 62/106/46 57/107/46 61/105/46
f 63/103/47 57/108/47 59/109/47
f 60/110/48 62/106/48 64/104/48
f 58/99/43 60/102/43 59/100/43
f 60/102/44 64/104/44 63/103/44
f 64/104/45 62/106/45 61/105/45
f 62/106/46 58/111/46 57/107/46
f 63/103/47 61/105/47 57/108/47
f 60/110/48 58/112/48 62/106/48
o Text
v -1.579273 5.222476 -0.360000
v -1.572102 5.228178 -0.360000
v -1.565000 5.233149 -0.360000
v -1.557982 5.237426 -0.360000
v -1.551060 5.241051 -0.360000
v -1.544250 5.244062 -0.360000
v -1.537565 5.246501 -0.360000
v -1.531019 5.248407 -0.360000
v -1.524625 5.249820 -0.360000
v -1.518398 5.250780 -0.360000
v -1.512352 5.251327 -0.360000
v -1.506500 5.251500 -0.360000
v -1.498821 5.251162 -0.360000
v -1.491563 5.250166 -0.360000
v -1.484774 5.248547 -0.360000
v -1.478500 5.246333 -0.360000
v -1.472789 5.243557 -0.360000
v -1.467688 5.240250 -0.360000
v -1.463242 5.236443 -0.360000
v -1.459500 5.232167 -0.360000
v -1.456508 5.227453 -0.360000
v -1.454313 5.222333 -0.360000
v -1.452961 5.216838 -0.360000
v -1.452500 5.211000 -0.360000
v -1.455402 5.195909 -0.360000
v -1.463426 5.182977 -0.360000
v -1.475547 5.171594 -0.360000
v -1.490741 5.161148 -0.360000
v -1.507983 5.151029 -0.360000
v -1.526250 5.140625 -0.360000
v -1.544517 5.129325 -0.360000
v -1.561759 5.116518 -0.360000
v -1.576953 5.101593 -0.360000
v -1.589074 5.083940 -0.360000
v -1.597098 5.062945 -0.360000
v -1.600000 5.038000 -0.360000
v -1.599172 5.024941 -0.360000
v -1.596746 5.012572 -0.360000
v -1.592813 5.000977 -0.360000
v -1.587463 4.990241 -0.360000
v -1.580787 4.980449 -0.360000
v -1.572875 4.971687 -0.360000
v -1.563817 4.964040 -0.360000
v -1.553704 4.957592 -0.360000
v -1.542625 4.952430 -0.360000
v -1.530671 4.948637 -0.360000
v -1.517933 4.946298 -0.360000
v -1.504500 4.945500 -0.360000
v -1.495393 4.945709 -0.360000
v -1.486558 4.946340 -0.360000
v -1.477977 4.947398 -0.360000
v -1.469630 4.948889 -0.360000
v -1.461498 4.950817 -0.360000
v -1.453563 4.953187 -0.360000
v -1.445804 4.956006 -0.360000
v -1.438204 4.959278 -0.360000
v -1.430742 4.963008 -0.360000
v -1.423401 4.967201 -0.360000
v -1.416160 4.971864 -0.360000
v -1.409000 4.977000 -0.360000
v -1.409000 5.039000 -0.360000
v -1.415383 5.031304 -0.360000
v -1.422021 5.024222 -0.360000
v -1.428899 5.017766 -0.360000
v -1.436000 5.011944 -0.360000
v -1.443310 5.006769 -0.360000
v -1.450813 5.002250 -0.360000
v -1.458492 4.998397 -0.360000
v -1.466333 4.995222 -0.360000
v -1.474320 4.992734 -0.360000
v -1.482438 4.990944 -0.360000
v -1.490669 4.989863 -0.360000
v -1.499000 4.989500 -0.360000
v -1.508075 4.989983 -0.360000
v -1.516306 4.991365 -0.360000
v -1.523703 4.993547 -0.360000
v -1.530278 4.996426 -0.360000
v -1.536040 4.999902 -0.360000
v -1.541000 5.003875 -0.360000
v -1.545169 5.008244 -0.360000
v -1.548556 5.012908 -0.360000
v -1.551172 5.017766 -0.360000
v -1.553028 5.022717 -0.360000
v -1.554134 5.027662 -0.360000
v -1.554500 5.032500 -0.360000
v -1.551598 5.048908 -0.360000
v -1.543574 5.063227 -0.360000
v -1.531453 5.075969 -0.360000
v -1.516259 5.087648 -0.360000
v -1.499017 5.098779 -0.360000
v -1.480750 5.109875 -0.360000
v -1.462483 5.121450 -0.360000
v -1.445241 5.134018 -0.360000
v -1.430047 5.148094 -0.360000
v -1.417926 5.164190 -0.360000
v -1.409902 5.182820 -0.360000
v -1.407000 5.204500 -0.360000
v -1.407843 5.217949 -0.360000
v -1.410326 5.230512 -0.360000
v -1.414383 5.242133 -0.360000
v -1.419945 5.252759 -0.360000
v -1.426944 5.262337 -0.360000
v -1.435313 5.270813 -0.360000
v -1.444984 5.278131 -0.360000
v -1.455889 5.284241 -0.360000
v -1.467961 5.289086 -0.360000
v -1.481132 5.292614 -0.360000
v -1.495334 5.294769 -0.360000
v -1.510500 5.295500 -0.360000
v -1.516999 5.295333 -0.360000
v -1.523491 5.294833 -0.360000
v -1.529969 5.294000 -0.360000
v -1.536426 5.292833 -0.360000
v -1.542856 5.291333 -0.360000
v -1.549250 5.289500 -0.360000
v -1.555603 5.287333 -0.360000
v -1.561908 5.284833 -0.360000
v -1.568156 5.282000 -0.360000
v -1.574343 5.278833 -0.360000
v -1.580460 5.275333 -0.360000
v -1.586500 5.271500 -0.360000
v -1.586500 5.216000 -0.360000
v -1.226199 5.290247 -0.360000
v -1.241755 5.288023 -0.360000
v -1.256109 5.284375 -0.360000
v -1.269204 5.279352 -0.360000
v -1.280979 5.273002 -0.360000
v -1.291375 5.265375 -0.360000
v -1.300334 5.256518 -0.360000
v -1.307796 5.246481 -0.360000
v -1.313703 5.235312 -0.360000
v -1.317995 5.223060 -0.360000
v -1.320614 5.209773 -0.360000
v -1.321500 5.195500 -0.360000
v -1.321076 5.185836 -0.360000
v -1.319813 5.176606 -0.360000
v -1.317727 5.167828 -0.360000
v -1.314833 5.159518 -0.360000
v -1.311149 5.151695 -0.360000
v -1.306688 5.144375 -0.360000
v -1.301466 5.137576 -0.360000
v -1.295500 5.131315 -0.360000
v -1.288805 5.125609 -0.360000
v -1.281396 5.120477 -0.360000
v -1.273289 5.115934 -0.360000
v -1.264500 5.112000 -0.360000
v -1.272011 5.106646 -0.360000
v -1.279088 5.100833 -0.360000
v -1.285797 5.094563 -0.360000
v -1.292204 5.087833 -0.360000
v -1.298374 5.080646 -0.360000
v -1.304375 5.073000 -0.360000
v -1.310272 5.064896 -0.360000
v -1.316130 5.056333 -0.360000
v -1.322016 5.047312 -0.360000
v -1.327995 5.037833 -0.360000
v -1.334135 5.027896 -0.360000
v -1.340500 5.017500 -0.360000
v -1.344012 5.011856 -0.360000
v -1.347347 5.006597 -0.360000
v -1.350578 5.001609 -0.360000
v -1.353778 4.996778 -0.360000
v -1.357019 4.991988 -0.360000
v -1.360375 4.987125 -0.360000
v -1.363918 4.982075 -0.360000
v -1.367722 4.976722 -0.360000
v -1.371859 4.970953 -0.360000
v -1.376403 4.964653 -0.360000
v -1.381425 4.957706 -0.360000
v -1.387000 4.950000 -0.360000
v -1.328500 4.950000 -0.360000
v -1.283500 5.020000 -0.360000
v -1.272744 5.036240 -0.360000
v -1.262907 5.050083 -0.360000
v -1.253891 5.061718 -0.360000
v -1.245593 5.071333 -0.360000
v -1.237913 5.079114 -0.360000
v -1.230750 5.085250 -0.360000
v -1.224004 5.089927 -0.360000
v -1.217574 5.093333 -0.360000
v -1.211359 5.095656 -0.360000
v -1.205259 5.097083 -0.360000
v -1.199173 5.097802 -0.360000
v -1.193000 5.098000 -0.360000
v -1.172500 5.098000 -0.360000
v -1.172500 4.950000 -0.360000
v -1.123500 4.950000 -0.360000
v -1.123500 5.291000 -0.360000
v -1.209500 5.291000 -0.360000
v -1.204000 5.142000 -0.360000
v -1.216356 5.142548 -0.360000
v -1.227227 5.144132 -0.360000
v -1.236687 5.146664 -0.360000
v -1.244815 5.150055 -0.360000
v -1.251685 5.154218 -0.360000
v -1.257375 5.159062 -0.360000
v -1.261961 5.164501 -0.360000
v -1.265519 5.170444 -0.360000
v -1.268125 5.176805 -0.360000
v -1.269857 5.183493 -0.360000
v -1.270789 5.190421 -0.360000
v -1.271000 5.197500 -0.360000
v -1.270484 5.205235 -0.360000
v -1.269162 5.212426 -0.360000
v -1.267000 5.219047 -0.360000
v -1.263963 5.225074 -0.360000
v -1.260016 5.230483 -0.360000
v -1.255125 5.235250 -0.360000
v -1.249255 5.239350 -0.360000
v -1.242370 5.242759 -0.360000
v -1.234437 5.245453 -0.360000
v -1.225421 5.247407 -0.360000
v -1.215287 5.248598 -0.360000
v -1.204000 5.249000 -0.360000
v -1.172500 5.249000 -0.360000
v -1.172500 5.142000 -0.360000
v -0.921500 5.247000 -0.360000
v -0.921500 5.144000 -0.360000
v -1.061000 5.144000 -0.360000
v -1.061000 5.100000 -0.360000
v -0.921500 5.100000 -0.360000
v -0.921500 4.994000 -0.360000
v -1.070500 4.994000 -0.360000
v -1.070500 4.950000 -0.360000
v -0.872500 4.950000 -0.360000
v -0.872500 5.291000 -0.360000
v -1.066000 5.291000 -0.360000
v -1.066000 5.247000 -0.360000
v -0.750000 4.950000 -0.360000
v -0.750000 5.215500 -0.360000
v -0.749000 5.215500 -0.360000
v -0.644000 5.083500 -0.360000
v -0.636000 5.083500 -0.360000
v -0.531000 5.215500 -0.360000
v -0.530000 5.215500 -0.360000
v -0.530000 4.950000 -0.360000
v -0.481000 4.950000 -0.360000
v -0.481000 5.291000 -0.360000
v -0.527000 5.291000 -0.360000
v -0.640000 5.151000 -0.360000
v -0.753500 5.291000 -0.360000
v -0.799000 5.291000 -0.360000
v -0.799000 4.950000 -0.360000
v -0.357500 4.950000 -0.360000
v -0.357500 5.291000 -0.360000
v -0.406500 5.291000 -0.360000
v -0.406500 4.950000 -0.360000
v -0.193000 5.247000 -0.360000
v -0.193000 4.950000 -0.360000
v -0.144000 4.950000 -0.360000
v -0.144000 5.247000 -0.360000
v -0.026000 5.247000 -0.360000
v -0.026000 5.291000 -0.360000
v -0.311000 5.291000 -0.360000
v -0.311000 5.247000 -0.360000
v 0.248000 5.247000 -0.360000
v 0.248000 4.950000 -0.360000
v 0.297000 4.950000 -0.360000
v 0.297000 5.247000 -0.360000
v 0.415000 5.247000 -0.360000
v 0.415000 5.291000 -0.360000
v 0.130000 5.291000 -0.360000
v 0.130000 5.247000 -0.360000
v 0.503000 4.950000 -0.360000
v 0.731000 5.212500 -0.360000
v 0.731000 4.950000 -0.360000
v 0.777000 4.950000 -0.360000
v 0.777000 5.291000 -0.360000
v 0.738000 5.291000 -0.360000
v 0.507000 5.027000 -0.360000
v 0.507000 5.291000 -0.360000
v 0.461000 5.291000 -0.360000
v 0.461000 4.950000 -0.360000
v 0.977500 5.247000 -0.360000
v 0.977500 5.144000 -0.360000
v 0.838000 5.144000 -0.360000
v 0.838000 5.100000 -0.360000
v 0.977500 5.100000 -0.360000
v 0.977500 4.994000 -0.360000
v 0.828500 4.994000 -0.360000
v 0.828500 4.950000 -0.360000
v 1.026500 4.950000 -0.360000
v 1.026500 5.291000 -0.360000
v 0.833000 5.291000 -0.360000
v 0.833000 5.247000 -0.360000
v 1.218500 4.947000 -0.360000
v 1.366000 5.291000 -0.360000
v 1.317000 5.291000 -0.360000
v 1.214500 5.051500 -0.360000
v 1.112500 5.291000 -0.360000
v 1.064000 5.291000 -0.360000
v 1.208500 4.947000 -0.360000
v 1.529500 5.247000 -0.360000
v 1.529500 5.144000 -0.360000
v 1.390000 5.144000 -0.360000
v 1.390000 5.100000 -0.360000
v 1.529500 5.100000 -0.360000
v 1.529500 4.994000 -0.360000
v 1.380500 4.994000 -0.360000
v 1.380500 4.950000 -0.360000
v 1.578500 4.950000 -0.360000
v 1.578500 5.291000 -0.360000
v 1.385000 5.291000 -0.360000
v 1.385000 5.247000 -0.360000
v -1.579273 5.222476 -0.340000
v -1.572102 5.228178 -0.340000
v -1.565000 5.233149 -0.340000
v -1.557982 5.237426 -0.340000
v -1.551060 5.241051 -0.340000
v -1.544250 5.244062 -0.340000
v -1.537565 5.246501 -0.340000
v -1.531019 5.248407 -0.340000
v -1.524625 5.249820 -0.340000
v -1.518398 5.250780 -0.340000
v -1.512352 5.251327 -0.340000
v -1.506500 5.251500 -0.340000
v -1.498821 5.251162 -0.340000
v -1.491563 5.250166 -0.340000
v -1.484774 5.248547 -0.340000
v -1.478500 5.246333 -0.340000
v -1.472789 5.243557 -0.340000
v -1.467688 5.240250 -0.340000
v -1.463242 5.236443 -0.340000
v -1.459500 5.232167 -0.340000
v -1.456508 5.227453 -0.340000
v -1.454313 5.222333 -0.340000
v -1.452961 5.216838 -0.340000
v -1.452500 5.211000 -0.340000
v -1.455402 5.195909 -0.340000
v -1.463426 5.182977 -0.340000
v -1.475547 5.171594 -0.340000
v -1.490741 5.161148 -0.340000
v -1.507983 5.151029 -0.340000
v -1.526250 5.140625 -0.340000
v -1.544517 5.129325 -0.340000
v -1.561759 5.116518 -0.340000
v -1.576953 5.101593 -0.340000
v -1.589074 5.083940 -0.340000
v -1.597098 5.062945 -0.340000
v -1.600000 5.038000 -0.340000
v -1.599172 5.024941 -0.340000
v -1.596746 5.012572 -0.340000
v -1.592813 5.000977 -0.340000
v -1.587463 4.990241 -0.340000
v -1.580787 4.980449 -0.340000
v -1.572875 4.971687 -0.340000
v -1.563817 4.964040 -0.340000
v -1.553704 4.957592 -0.340000
v -1.542625 4.952430 -0.340000
v -1.530671 4.948637 -0.340000
v -1.517933 4.946298 -0.340000
v -1.504500 4.945500 -0.340000
v -1.495393 4.945709 -0.340000
v -1.486558 4.946340 -0.340000
v -1.477977 4.947398 -0.340000
v -1.469630 4.948889 -0.340000
v -1.461498 4.950817 -0.340000
v -1.453563 4.953187 -0.340000
v -1.445804 4.956006 -0.340000
v -1.438204 4.959278 -0.340000
v -1.430742 4.963008 -0.340000
v -1.423401 4.967201 -0.340000
v -1.416160 4.971864 -0.340000
v -1.409000 4.977000 -0.340000
v -1.409000 5.039000 -0.340000
v -1.415383 5.031304 -0.340000
v -1.422021 5.024222 -0.340000
v -1.428899 5.017766 -0.340000
v -1.436000 5.011944 -0.340000
v -1.443310 5.006769 -0.340000
v -1.450813 5.002250 -0.340000
v -1.458492 4.998397 -0.340000
v -1.466333 4.995222 -0.340000
v -1.474320 4.992734 -0.340000
v -1.482438 4.990944 -0.340000
v -1.490669 4.989863 -0.340000
v -1.499000 4.989500 -0.340000
v -1.508075 4.989983 -0.340000
v -1.516306 4.991365 -0.340000
v -1.523703 4.993547 -0.340000
v -1.530278 4.996426 -0.340000
v -1.536040 4.999902 -0.340000
v -1.541000 5.003875 -0.340000
v -1.545169 5.008244 -0.340000
v -1.548556 5.012908 -0.340000
v -1.551172 5.017766 -0.340000
v -1.553028 5.022717 -0.340000
v -1.554134 5.027662 -0.340000
v -1.554500 5.032500 -0.340000
v -1.551598 5.048908 -0.340000
v -1.543574 5.063227 -0.340000
v -1.531453 5.075969 -0.340000
v -1.516259 5.087648 -0.340000
v -1.499017 5.098779 -0.340000
v -1.480750 5.109875 -0.340000
v -1.462483 5.121450 -0.340000
v -1.445241 5.134018 -0.340000
v -1.430047 5.148094 -0.340000
v -1.417926 5.164190 -0.340000
v -1.409902 5.182820 -0.340000
v -1.407000 5.204500 -0.340000
v -1.407843 5.217949 -0.340000
v -1.410326 5.230512 -0.340000
v -1.414383 5.242133 -0.340000
v -1.419945 5.252759 -0.340000
v -1.426944 5.262337 -0.340000
v -1.435313 5.270813 -0.340000
v -1.444984 5.278131 -0.340000
v -1.455889 5.284241 -0.340000
v -1.467961 5.289086 -0.340000
v -1.481132 5.292614 -0.340000
v -1.495334 5.294769 -0.340000
v -1.510500 5.295500 -0.340000
v -1.516999 5.295333 -0.340000
v -1.523491 5.294833 -0.340000
v -1.529969 5.294000 -0.340000
v -1.536426 5.292833 -0.340000
v -1.542856 5.291333 -0.340000
v -1.549250 5.289500 -0.340000
v -1.555603 5.287333 -0.340000
v -1.561908 5.284833 -0.340000
v -1.568156 5.282000 -0.340000
v -1.574343 5.278833 -0.340000
v -1.580460 5.275333 -0.340000
v -1.586500 5.271500 -0.340000
v -1.586500 5.216000 -0.340000
v -1.226199 5.290247 -0.340000
v -1.241755 5.288023 -0.340000
v -1.256109 5.284375 -0.340000
v -1.269204 5.279352 -0.340000
v -1.280979 5.273002 -0.340000
v -1.291375 5.265375 -0.340000
v -1.300334 5.256518 -0.340000
v -1.307796 5.246481 -0.340000
v -1.313703 5.235312 -0.340000
v -1.317995 5.223060 -0.340000
v -1.320614 5.209773 -0.340000
v -1.321500 5.195500 -0.340000
v -1.321076 5.185836 -0.340000
v -1.319813 5.176606 -0.340000
v -1.317727 5.167828 -0.340000
v -1.314833 5.159518 -0.340000
v -1.311149 5.151695 -0.340000
v -1.306688 5.144375 -0.340000
v -1.301466 5.137576 -0.340000
v -1.295500 5.131315 -0.340000
v -1.288805 5.125609 -0.340000
v -1.281396 5.120477 -0.340000
v -1.273289 5.115934 -0.340000
v -1.264500 5.112000 -0.340000
v -1.272011 5.106646 -0.340000
v -1.279088 5.100833 -0.340000
v -1.285797 5.094563 -0.340000
v -1.292204 5.087833 -0.340000
v -1.298374 5.080646 -0.340000
v -1.304375 5.073000 -0.340000
v -1.310272 5.064896 -0.340000
v -1.316130 5.056333 -0.340000
v -1.322016 5.047312 -0.340000
v -1.327995 5.037833 -0.340000
v -1.334135 5.027896 -0.340000
v -1.340500 5.017500 -0.340000
v -1.344012 5.011856 -0.340000
v -1.347347 5.006597 -0.340000
v -1.350578 5.001609 -0.340000
v -1.353778 4.996778 -0.340000
v -1.357019 4.991988 -0.340000
v -1.360375 4.987125 -0.340000
v -1.363918 4.982075 -0.340000
v -1.367722 4.976722 -0.340000
v -1.371859 4.970953 -0.340000
v -1.376403 4.964653 -0.340000
v -1.381425 4.957706 -0.340000
v -1.387000 4.950000 -0.340000
v -1.328500 4.950000 -0.340000
v -1.283500 5.020000 -0.340000
v -1.272744 5.036240 -0.340000
v -1.262907 5.050083 -0.340000
v -1.253891 5.061718 -0.340000
v -1.245593 5.071333 -0.340000
v -1.237913 5.079114 -0.340000
v -1.230750 5.085250 -0.340000
v -1.224004 5.089927 -0.340000
v -1.217574 5.093333 -0.340000
v -1.211359 5.095656 -0.340000
v -1.205259 5.097083 -0.340000
v -1.199173 5.097802 -0.340000
v -1.193000 5.098000 -0.340000
v -1.172500 5.098000 -0.340000
v -1.172500 4.950000 -0.340000
v -1.123500 4.950000 -0.340000
v -1.123500 5.291000 -0.340000
v -1.209500 5.291000 -0.340000
v -1.204000 5.142000 -0.340000
v -1.216356 5.142548 -0.340000
v -1.227227 5.144132 -0.340000
v -1.236687 5.146664 -0.340000
v -1.244815 5.150055 -0.340000
v -1.251685 5.154218 -0.340000
v -1.257375 5.159062 -0.340000
v -1.261961 5.164501 -0.340000
v -1.265519 5.170444 -0.340000
v -1.268125 5.176805 -0.340000
v -1.269857 5.183493 -0.340000
v -1.270789 5.190421 -0.340000
v -1.271000 5.197500 -0.340000
v -1.270484 5.205235 -0.340000
v -1.269162 5.212426 -0.340000
v -1.267000 5.219047 -0.340000
v -1.263963 5.225074 -0.340000
v -1.260016 5.230483 -0.340000
v -1.255125 5.235250 -0.340000
v -1.249255 5.239350 -0.340000
v -1.242370 5.242759 -0.340000
v -1.234437 5.245453 -0.340000
v -1.225421 5.247407 -0.340000
v -1.215287 5.248598 -0.340000
v -1.204000 5.249000 -0.340000
v -1.172500 5.249000 -0.340000
v -1.172500 5.142000 -0.340000
v -0.921500 5.247000 -0.340000
v -0.921500 5.144000 -0.340000
v -1.061000 5.144000 -0.340000
v -1.061000 5.100000 -0.340000
v -0.921500 5.100000 -0.340000
v -0.921500 4.994000 -0.340000
v -1.070500 4.994000 -0.340000
v -1.070500 4.950000 -0.340000
v -0.872500 4.950000 -0.340000
v -0.872500 5.291000 -0.340000
v -1.066000 5.291000 -0.340000
v -1.066000 5.247000 -0.340000
v -0.750000 4.950000 -0.340000
v -0.750000 5.215500 -0.340000
v -0.749000 5.215500 -0.340000
v -0.644000 5.083500 -0.340000
v -0.636000 5.083500 -0.340000
v -0.531000 5.215500 -0.340000
v -0.530000 5.215500 -0.340000
v -0.530000 4.950000 -0.340000
v -0.481000 4.950000 -0.340000
v -0.481000 5.291000 -0.340000
v -0.527000 5.291000 -0.340000
v -0.640000 5.151000 -0.340000
v -0.753500 5.291000 -0.340000
v -0.799000 5.291000 -0.340000
v -0.799000 4.950000 -0.340000
v -0.357500 4.950000 -0.340000
v -0.357500 5.291000 -0.340000
v -0.406500 5.291000 -0.340000
v -0.406500 4.950000 -0.340000
v -0.193000 5.247000 -0.340000
v -0.193000 4.950000 -0.340000
v -0.144000 4.950000 -0.340000
v -0.144000 5.247000 -0.340000
v -0.026000 5.247000 -0.340000
v -0.026000 5.291000 -0.340000
v -0.311000 5.291000 -0.340000
v -0.311000 5.247000 -0.340000
v 0.248000 5.247000 -0.340000
v 0.248000 4.950000 -0.340000
v 0.297000 4.950000 -0.340000
v 0.297000 5.247000 -0.340000
v 0.415000 5.247000 -0.340000
v 0.415000 5.291000 -0.340000
v 0.130000 5.291000 -0.340000
v 0.130000 5.247000 -0.340000
v 0.503000 4.950000 -0.340000
v 0.731000 5.212500 -0.340000
v 0.731000 4.950000 -0.340000
v 0.777000 4.950000 -0.340000
v 0.777000 5.291000 -0.340000
v 0.738000 5.291000 -0.340000
v 0.507000 5.027000 -0.340000
v 0.507000 5.291000 -0.340000
v 0.461000 5.291000 -0.340000
v 0.461000 4.950000 -0.340000
v 0.977500 5.247000 -0.340000
v 0.977500 5.144000 -0.340000
v 0.838000 5.144000 -0.340000
v 0.838000 5.100000 -0.340000
v 0.977500 5.100000 -0.340000
v 0.977500 4.994000 -0.340000
v 0.828500 4.994000 -0.340000
v 0.828500 4.950000 -0.340000
v 1.026500 4.950000 -0.340000
v 1.026500 5.291000 -0.340000
v 0.833000 5.291000 -0.340000
v 0.833000 5.247000 -0.340000
v 1.218500 4.947000 -0.340000
v 1.366000 5.291000 -0.340000
v 1.317000 5.291000 -0.340000
v 1.214500 5.051500 -0.340000
v 1.112500 5.291000 -0.340000
v 1.064000 5.291000 -0.340000
v 1.208500 4.947000 -0.340000
v 1.529500 5.247000 -0.340000
v 1.529500 5.144000 -0.340000
v 1.390000 5.144000 -0.340000
v 1.390000 5.100000 -0.340000
v 1.529500 5.100000 -0.340000
v 1.529500 4.994000 -0.340000
v 1.380500 4.994000 -0.340000
v 1.380500 4.950000 -0.340000
v 1.578500 4.950000 -0.340000
v 1.578500 5.291000 -0.340000
v 1.385000 5.291000 -0.340000
v 1.385000 5.247000 -0.340000
v 1.529500 5.247000 -0.340000
v 1.529500 5.247000 -0.360000
v 1.529500 5.144000 -0.340000
v 1.529500 5.144000 -0.360000
v 1.390000 5.144000 -0.340000
v 1.390000 5.144000 -0.360000
v 1.390000 5.100000 -0.340000
v 1.390000 5.100000 -0.360000
v 1.529500 5.100000 -0.340000
v 1.529500 5.100000 -0.360000
v 1.529500 4.994000 -0.340000
v 1.529500 4.994000 -0.360000
v 1.380500 4.994000 -0.340000
v 1.380500 4.994000 -0.360000
v 1.380500 4.950000 -0.340000
v 1.380500 4.950000 -0.360000
v 1.578500 4.950000 -0.340000
v 1.578500 4.950000 -0.360000
v 1.578500 5.291000 -0.340000
v 1.578500 5.291000 -0.360000
v 1.385000 5.291000 -0.340000
v 1.385000 5.291000 -0.360000
v 1.385000 5.247000 -0.340000
v 1.385000 5.247000 -0.360000
v 1.218500 4.947000 -0.340000
v 1.218500 4.947000 -0.360000
v 1.366000 5.291000 -0.340000
v 1.366000 5.291000 -0.360000
v 1.317000 5.291000 -0.340000
v 1.317000 5.291000 -0.360000
v 1.214500 5.051500 -0.340000
v 1.214500 5.051500 -0.360000
v 1.112500 5.291000 -0.340000
v 1.112500 5.291000 -0.360000
v 1.064000 5.291000 -0.340000
v 1.064000 5.291000 -0.360000
v 1.208500 4.947000 -0.340000
v 1.208500 4.947000 -0.360000
v 0.977500 5.247000 -0.340000
v 0.977500 5.247000 -0.360000
v 0.977500 5.144000 -0.340000
v 0.977500 5.144000 -0.360000
v 0.838000 5.144000 -0.340000
v 0.838000 5.144000 -0.360000
v 0.838000 5.100000 -0.340000
v 0.838000 5.100000 -0.360000
v 0.977500 5.100000 -0.340000
v 0.977500 5.100000 -0.360000
v 0.977500 4.994000 -0.340000
v 0.977500 4.994000 -0.360000
v 0.828500 4.994000 -0.340000
v 0.828500 4.994000 -0.360000
v 0.828500 4.950000 -0.340000
v 0.828500 4.950000 -0.360000
v 1.026500 4.950000 -0.340000
v 1.026500 4.950000 -0.360000
v 1.026500 5.291000 -0.340000
v 1.026500 5.291000 -0.360000
v 0.833000 5.291000 -0.340000
v 0.833000 5.291000 -0.360000
v 0.833000 5.247000 -0.340000
v 0.833000 5.247000 -0.360000
v 0.503000 4.950000 -0.340000
v 0.503000 4.950000 -0.360000
v 0.731000 5.212500 -0.340000
v 0.731000 5.212500 -0.360000
v 0.731000 4.950000 -0.340000
v 0.731000 4.950000 -0.360000
v 0.777000 4.950000 -0.340000
v 0.777000 4.950000 -0.360000
v 0.777000 5.291000 -0.340000
v 0.777000 5.291000 -0.360000
v 0.738000 5.291000 -0.340000
v 0.738000 5.291000 -0.360000
v 0.507000 5.027000 -0.340000
v 0.507000 5.027000 -0.360000
v 0.507000 5.291000 -0.340000
v 0.507000 5.291000 -0.360000
v 0.461000 5.291000 -0.340000
v 0.461000 5.291000 -0.360000
v 0.461000 4.950000 -0.340000
v 0.461000 4.950000 -0.360000
v 0.248000 5.247000 -0.340000
v 0.248000 5.247000 -0.360000
v 0.248000 4.950000 -0.340000
v 0.248000 4.950000 -0.360000
v 0.297000 4.950000 -0.340000
v 0.297000 4.950000 -0.360000
v 0.297000 5.247000 -0.340000
v 0.297000 5.247000 -0.360000
v 0.415000 5.247000 -0.340000
v 0.415000 5.247000 -0.360000
v 0.415000 5.291000 -0.340000
v 0.415000 5.291000 -0.360000
v 0.130000 5.291000 -0.340000
v 0.130000 5.291000 -0.360000
v 0.130000 5.247000 -0.340000
v 0.130000 5.247000 -0.360000
v -0.193000 5.247000 -0.340000
v -0.193000 5.247000 -0.360000
v -0.193000 4.950000 -0.340000
v -0.193000 4.950000 -0.360000
v -0.144000 4.950000 -0.340000
v -0.144000 4.950000 -0.360000
v -0.144000 5.247000 -0.340000
v -0.144000 5.247000 -0.360000
v -0.026000 5.247000 -0.340000
v -0.026000 5.247000 -0.360000
v -0.026000 5.291000 -0.340000
v -0.026000 5.291000 -0.360000
v -0.311000 5.291000 -0.340000
v -0.311000 5.291000 -0.360000
v -0.311000 5.247000 -0.340000
v -0.311000 5.247000 -0.360000
v -0.357500 4.950000 -0.340000
v -0.357500 4.950000 -0.360000
v -0.357500 5.291000 -0.340000
v -0.357500 5.291000 -0.360000
v -0.406500 5.291000 -0.340000
v -0.406500 5.291000 -0.360000
v -0.406500 4.950000 -0.340000
v -0.406500 4.950000 -0.360000
v -0.750000 4.950000 -0.340000
v -0.750000 4.950000 -0.360000
v -0.750000 5.215500 -0.340000
v -0.750000 5.215500 -0.360000
v -0.749000 5.215500 -0.340000
v -0.749000 5.215500 -0.360000
v -0.644000 5.083500 -0.340000
v -0.644000 5.083500 -0.360000
v -0.636000 5.083500 -0.340000
v -0.636000 5.083500 -0.360000
v -0.531000 5.215500 -0.340000
v -0.531000 5.215500 -0.360000
v -0.530000 5.215500 -0.340000
v -0.530000 5.215500 -0.360000
v -0.530000 4.950000 -0.340000
v -0.530000 4.950000 -0.360000
v -0.481000 4.950000 -0.340000
v -0.481000 4.950000 -0.360000
v -0.481000 5.291000 -0.340000
v -0.481000 5.291000 -0.360000
v -0.527000 5.291000 -0.340000
v -0.527000 5.291000 -0.360000
v -0.640000 5.151000 -0.340000
v -0.640000 5.151000 -0.360000
v -0.753500 5.291000 -0.340000
v -0.753500 5.291000 -0.360000
v -0.799000 5.291000 -0.340000
v -0.799000 5.291000 -0.360000
v -0.799000 4.950000 -0.340000
v -0.799000 4.950000 -0.360000
v -0.921500 5.247000 -0.340000
v -0.921500 5.247000 -0.360000
v -0.921500 5.144000 -0.340000
v -0.921500 5.144000 -0.360000
v -1.061000 5.144000 -0.340000
v -1.061000 5.144000 -0.360000
v -1.061000 5.100000 -0.340000
v -1.061000 5.100000 -0.360000
v -0.921500 5.100000 -0.340000
v -0.921500 5.100000 -0.360000
v -0.921500 4.994000 -0.340000
v -0.921500 4.994000 -0.360000
v -1.070500 4.994000 -0.340000
v -1.070500 4.994000 -0.360000
v -1.070500 4.950000 -0.340000
v -1.070500 4.950000 -0.360000
v -0.872500 4.950000 -0.340000
v -0.872500 4.950000 -0.360000
v -0.872500 5.291000 -0.340000
v -0.872500 5.291000 -0.360000
v -1.066000 5.291000 -0.340000
v -1.066000 5.291000 -0.360000
v -1.066000 5.247000 -0.340000
v -1.066000 5.247000 -0.360000
v -1.226199 5.290247 -0.340000
v -1.226199 5.290247 -0.360000
v -1.241755 5.288023 -0.340000
v -1.241755 5.288023 -0.360000
v -1.256109 5.284375 -0.340000
v -1.256109 5.284375 -0.360000
v -1.269204 5.279352 -0.340000
v -1.269204 5.279352 -0.360000
v -1.280979 5.273002 -0.340000
v -1.280979 5.273002 -0.360000
v -1.291375 5.265375 -0.340000
v -1.291375 5.265375 -0.360000
v -1.300334 5.256518 -0.340000
v -1.300334 5.256518 -0.360000
v -1.307796 5.246481 -0.340000
v -1.307796 5.246481 -0.360000
v -1.313703 5.235312 -0.340000
v -1.313703 5.235312 -0.360000
v -1.317995 5.223060 -0.340000
v -1.317995 5.223060 -0.360000
v -1.320614 5.209773 -0.340000
v -1.320614 5.209773 -0.360000
v -1.321500 5.195500 -0.340000
v -1.321500 5.195500 -0.360000
v -1.321076 5.185836 -0.340000
v -1.321076 5.185836 -0.360000
v -1.319813 5.176606 -0.340000
v -1.319813 5.176606 -0.360000
v -1.317727 5.167828 -0.340000
v -1.317727 5.167828 -0.360000
v -1.314833 5.159518 -0.340000
v -1.314833 5.159518 -0.360000
v -1.311149 5.151695 -0.340000
v -1.311149 5.151695 -0.360000
v -1.306688 5.144375 -0.340000
v -1.306688 5.144375 -0.360000
v -1.301466 5.137576 -0.340000
v -1.301466 5.137576 -0.360000
v -1.295500 5.131315 -0.340000
v -1.295500 5.131315 -0.360000
v -1.288805 5.125609 -0.340000
v -1.288805 5.125609 -0.360000
v -1.281396 5.120477 -0.340000
v -1.281396 5.120477 -0.360000
v -1.273289 5.115934 -0.340000
v -1.273289 5.115934 -0.360000
v -1.264500 5.112000 -0.340000
v -1.264500 5.112000 -0.360000
v -1.272011 5.106646 -0.340000
v -1.272011 5.106646 -0.360000
v -1.279088 5.100833 -0.340000
v -1.279088 5.100833 -0.360000
v -1.285797 5.094563 -0.340000
v -1.285797 5.094563 -0.360000
v -1.292204 5.087833 -0.340000
v -1.292204 5.087833 -0.360000
v -1.298374 5.080646 -0.340000
v -1.298374 5.080646 -0.360000
v -1.304375 5.073000 -0.340000
v -1.304375 5.073000 -0.360000
v -1.310272 5.064896 -0.340000
v -1.310272 5.064896 -0.360000
v -1.316130 5.056333 -0.340000
v -1.316130 5.056333 -0.360000
v -1.322016 5.047312 -0.340000
v -1.322016 5.047312 -0.360000
v -1.327995 5.037833 -0.340000
v -1.327995 5.037833 -0.360000
v -1.334135 5.027896 -0.340000
v -1.334135 5.027896 -0.360000
v -1.340500 5.017500 -0.340000
v -1.340500 5.017500 -0.360000
v -1.344012 5.011856 -0.340000
v -1.344012 5.011856 -0.360000
v -1.347347 5.006597 -0.340000
v -1.347347 5.006597 -0.360000
v -1.350578 5.001609 -0.340000
v -1.350578 5.001609 -0.360000
v -1.353778 4.996778 -0.340000
v -1.353778 4.996778 -0.360000
v -1.357019 4.991988 -0.340000
v -1.357019 4.991988 -0.360000
v -1.360375 4.987125 -0.340000
v -1.360375 4.987125 -0.360000
v -1.363918 4.982075 -0.340000
v -1.363918 4.982075 -0.360000
v -1.367722 4.976722 -0.340000
v -1.367722 4.976722 -0.360000
v -1.371859 4.970953 -0.340000
v -1.371859 4.970953 -0.360000
v -1.376403 4.964653 -0.340000
v -1.376403 4.964653 -0.360000
v -1.381425 4.957706 -0.340000
v -1.381425 4.957706 -0.360000
v -1.387000 4.950000 -0.340000
v -1.387000 4.950000 -0.360000
v -1.328500 4.950000 -0.340000
v -1.328500 4.950000 -0.360000
v -1.283500 5.020000 -0.340000
v -1.283500 5.020000 -0.360000
v -1.272744 5.036240 -0.340000
v -1.272744 5.036240 -0.360000
v -1.262907 5.050083 -0.340000
v -1.262907 5.050083 -0.360000
v -1.253891 5.061718 -0.340000
v -1.253891 5.061718 -0.360000
v -1.245593 5.071333 -0.340000
v -1.245593 5.071333 -0.360000
v -1.237913 5.079114 -0.340000
v -1.237913 5.079114 -0.360000
v -1.230750 5.085250 -0.340000
v -1.230750 5.085250 -0.360000
v -1.224004 5.089927 -0.340000
v -1.224004 5.089927 -0.360000
v -1.217574 5.093333 -0.340000
v -1.217574 5.093333 -0.360000
v -1.211359 5.095656 -0.340000
v -1.211359 5.095656 -0.360000
v -1.205259 5.097083 -0.340000
v -1.205259 5.097083 -0.360000
v -1.199173 5.097802 -0.340000
v -1.199173 5.097802 -0.360000
v -1.193000 5.098000 -0.340000
v -1.193000 5.098000 -0.360000
v -1.172500 5.098000 -0.340000
v -1.172500 5.098000 -0.360000
v -1.172500 4.950000 -0.340000
v -1.172500 4.950000 -0.360000
v -1.123500 4.950000 -0.340000
v -1.123500 4.950000 -0.360000
v -1.123500 5.291000 -0.340000
v -1.123500 5.291000 -0.360000
v -1.209500 5.291000 -0.340000
v -1.209500 5.291000 -0.360000
v -1.204000 5.142000 -0.340000
v -1.204000 5.142000 -0.360000
v -1.216356 5.142548 -0.340000
v -1.216356 5.142548 -0.360000
v -1.227227 5.144132 -0.340000
v -1.227227 5.144132 -0.360000
v -1.236687 5.146664 -0.340000
v -1.236687 5.146664 -0.360000
v -1.244815 5.150055 -0.340000
v -1.244815 5.150055 -0.360000
v -1.251685 5.154218 -0.340000
v -1.251685 5.154218 -0.360000
v -1.257375 5.159062 -0.340000
v -1.257375 5.159062 -0.360000
v -1.261961 5.164501 -0.340000
v -1.261961 5.164501 -0.360000
v -1.265519 5.170444 -0.340000
v -1.265519 5.170444 -0.360000
v -1.268125 5.176805 -0.340000
v -1.268125 5.176805 -0.360000
v -1.269857 5.183493 -0.340000
v -1.269857 5.183493 -0.360000
v -1.270789 5.190421 -0.340000
v -1.270789 5.190421 -0.360000
v -1.271000 5.197500 -0.340000
v -1.271000 5.197500 -0.360000
v -1.270484 5.205235 -0.340000
v -1.270484 5.205235 -0.360000
v -1.269162 5.212426 -0.340000
v -1.269162 5.212426 -0.360000
v -1.267000 5.219047 -0.340000
v -1.267000 5.219047 -0.360000
v -1.263963 5.225074 -0.340000
v -1.263963 5.225074 -0.360000
v -1.260016 5.230483 -0.340000
v -1.260016 5.230483 -0.360000
v -1.255125 5.235250 -0.340000
v -1.255125 5.235250 -0.360000
v -1.249255 5.239350 -0.340000
v -1.249255 5.239350 -0.360000
v -1.242370 5.242759 -0.340000
v -1.242370 5.242759 -0.360000
v -1.234437 5.245453 -0.340000
v -1.234437 5.245453 -0.360000
v -1.225421 5.247407 -0.340000
v -1.225421 5.247407 -0.360000
v -1.215287 5.248598 -0.340000
v -1.215287 5.248598 -0.360000
v -1.204000 5.249000 -0.340000
v -1.204000 5.249000 -0.360000
v -1.172500 5.249000 -0.340000
v -1.172500 5.249000 -0.360000
v -1.172500 5.142000 -0.340000
v -1.172500 5.142000 -0.360000
v -1.579273 5.222476 -0.340000
v -1.579273 5.222476 -0.360000
v -1.572102 5.228178 -0.340000
v -1.572102 5.228178 -0.360000
v -1.565000 5.233149 -0.340000
v -1.565000 5.233149 -0.360000
v -1.557982 5.237426 -0.340000
v -1.557982 5.237426 -0.360000
v -1.551060 5.241051 -0.340000
v -1.551060 5.241051 -0.360000
v -1.544250 5.244062 -0.340000
v -1.544250 5.244062 -0.360000
v -1.537565 5.246501 -0.340000
v -1.537565 5.246501 -0.360000
v -1.531019 5.248407 -0.340000
v -1.531019 5.248407 -0.360000
v -1.524625 5.249820 -0.340000
v -1.524625 5.249820 -0.360000
v -1.518398 5.250780 -0.340000
v -1.518398 5.250780 -0.360000
v -1.512352 5.251327 -0.340000
v -1.512352 5.251327 -0.360000
v -1.506500 5.251500 -0.340000
v -1.506500 5.251500 -0.360000
v -1.498821 5.251162 -0.340000
v -1.498821 5.251162 -0.360000
v -1.491563 5.250166 -0.340000
v -1.491563 5.250166 -0.360000
v -1.484774 5.248547 -0.340000
v -1.484774 5.248547 -0.360000
v -1.478500 5.246333 -0.340000
v -1.478500 5.246333 -0.360000
v -1.472789 5.243557 -0.340000
v -1.472789 5.243557 -0.360000
v -1.467688 5.240250 -0.340000
v -1.467688 5.240250 -0.360000
v -1.463242 5.236443 -0.340000
v -1.463242 5.236443 -0.360000
v -1.459500 5.232167 -0.340000
v -1.459500 5.232167 -0.360000
v -1.456508 5.227453 -0.340000
v -1.456508 5.227453 -0.360000
v -1.454313 5.222333 -0.340000
v -1.454313 5.222333 -0.360000
v -1.452961 5.216838 -0.340000
v -1.452961 5.216838 -0.360000
v -1.452500 5.211000 -0.340000
v -1.452500 5.211000 -0.360000
v -1.455402 5.195909 -0.340000
v -1.455402 5.195909 -0.360000
v -1.463426 5.182977 -0.340000
v -1.463426 5.182977 -0.360000
v -1.475547 5.171594 -0.340000
v -1.475547 5.171594 -0.360000
v -1.490741 5.161148 -0.340000
v -1.490741 5.161148 -0.360000
v -1.507983 5.151029 -0.340000
v -1.507983 5.151029 -0.360000
v -1.526250 5.140625 -0.340000
v -1.526250 5.140625 -0.360000
v -1.544517 5.129325 -0.340000
v -1.544517 5.129325 -0.360000
v -1.561759 5.116518 -0.340000
v -1.561759 5.116518 -0.360000
v -1.576953 5.101593 -0.340000
v -1.576953 5.101593 -0.360000
v -1.589074 5.083940 -0.340000
v -1.589074 5.083940 -0.360000
v -1.597098 5.062945 -0.340000
v -1.597098 5.062945 -0.360000
v -1.600000 5.038000 -0.340000
v -1.600000 5.038000 -0.360000
v -1.599172 5.024941 -0.340000
v -1.599172 5.024941 -0.360000
v -1.596746 5.012572 -0.340000
v -1.596746 5.012572 -0.360000
v -1.592813 5.000977 -0.340000
v -1.592813 5.000977 -0.360000
v -1.587463 4.990241 -0.340000
v -1.587463 4.990241 -0.360000
v -1.580787 4.980449 -0.340000
v -1.580787 4.980449 -0.360000
v -1.572875 4.971687 -0.340000
v -1.572875 4.971687 -0.360000
v -1.563817 4.964040 -0.340000
v -1.563817 4.964040 -0.360000
v -1.553704 4.957592 -0.340000
v -1.553704 4.957592 -0.360000
v -1.542625 4.952430 -0.340000
v -1.542625 4.952430 -0.360000
v -1.530671 4.948637 -0.340000
v -1.530671 4.948637 -0.360000
v -1.517933 4.946298 -0.340000
v -1.517933 4.946298 -0.360000
v -1.504500 4.945500 -0.340000
v -1.504500 4.945500 -0.360000
v -1.495393 4.945709 -0.340000
v -1.495393 4.945709 -0.360000
v -1.486558 4.946340 -0.340000
v -1.486558 4.946340 -0.360000
v -1.477977 4.947398 -0.340000
v -1.477977 4.947398 -0.360000
v -1.469630 4.948889 -0.340000
v -1.469630 4.948889 -0.360000
v -1.461498 4.950817 -0.340000
v -1.461498 4.950817 -0.360000
v -1.453563 4.953187 -0.340000
v -1.453563 4.953187 -0.360000
v -1.445804 4.956006 -0.340000
v -1.445804 4.956006 -0.360000
v -1.438204 4.959278 -0.340000
v -1.438204 4.959278 -0.360000
v -1.430742 4.963008 -0.340000
v -1.430742 4.963008 -0.360000
v -1.423401 4.967201 -0.340000
v -1.423401 4.967201 -0.360000
v -1.416160 4.971864 -0.340000
v -1.416160 4.971864 -0.360000
v -1.409000 4.977000 -0.340000
v -1.409000 4.977000 -0.360000
v -1.409000 5.039000 -0.340000
v -1.409000 5.039000 -0.360000
v -1.415383 5.031304 -0.340000
v -1.415383 5.031304 -0.360000
v -1.422021 5.024222 -0.340000
v -1.422021 5.024222 -0.360000
v -1.428899 5.017766 -0.340000
v -1.428899 5.017766 -0.360000
v -1.436000 5.011944 -0.340000
v -1.436000 5.011944 -0.360000
v -1.443310 5.006769 -0.340000
v -1.443310 5.006769 -0.360000
v -1.450813 5.002250 -0.340000
v -1.450813 5.002250 -0.360000
v -1.458492 4.998397 -0.340000
v -1.458492 4.998397 -0.360000
v -1.466333 4.995222 -0.340000
v -1.466333 4.995222 -0.360000
v -1.474320 4.992734 -0.340000
v -1.474320 4.992734 -0.360000
v -1.482438 4.990944 -0.340000
v -1.482438 4.990944 -0.360000
v -1.490669 4.989863 -0.340000
v -1.490669 4.989863 -0.360000
v -1.499000 4.989500 -0.340000
v -1.499000 4.989500 -0.360000
v -1.508075 4.989983 -0.340000
v -1.508075 4.989983 -0.360000
v -1.516306 4.991365 -0.340000
v -1.516306 4.991365 -0.360000
v -1.523703 4.993547 -0.340000
v -1.523703 4.993547 -0.360000
v -1.530278 4.996426 -0.340000
v -1.530278 4.996426 -0.360000
v -1.536040 4.999902 -0.340000
v -1.536040 4.999902 -0.360000
v -1.541000 5.003875 -0.340000
v -1.541000 5.003875 -0.360000
v -1.545169 5.008244 -0.340000
v -1.545169 5.008244 -0.360000
v -1.548556 5.012908 -0.340000
v -1.548556 5.012908 -0.360000
v -1.551172 5.017766 -0.340000
v -1.551172 5.017766 -0.360000
v -1.553028 5.022717 -0.340000
v -1.553028 5.022717 -0.360000
v -1.554134 5.027662 -0.340000
v -1.554134 5.027662 -0.360000
v -1.554500 5.032500 -0.340000
v -1.554500 5.032500 -0.360000
v -1.551598 5.048908 -0.340000
v -1.551598 5.048908 -0.360000
v -1.543574 5.063227 -0.340000
v -1.543574 5.063227 -0.360000
v -1.531453 5.075969 -0.340000
v -1.531453 5.075969 -0.360000
v -1.516259 5.087648 -0.340000
v -1.516259 5.087648 -0.360000
v -1.499017 5.098779 -0.340000
v -1.499017 5.098779 -0.360000
v -1.480750 5.109875 -0.340000
v -1.480750 5.109875 -0.360000
v -1.462483 5.121450 -0.340000
v -1.462483 5.121450 -0.360000
v -1.445241 5.134018 -0.340000
v -1.445241 5.134018 -0.360000
v -1.430047 5.148094 -0.340000
v -1.430047 5.148094 -0.360000
v -1.417926 5.164190 -0.340000
v -1.417926 5.164190 -0.360000
v -1.409902 5.182820 -0.340000
v -1.409902 5.182820 -0.360000
v -1.407000 5.204500 -0.340000
v -1.407000 5.204500 -0.360000
v -1.407843 5.217949 -0.340000
v -1.407843 5.217949 -0.360000
v -1.410326 5.230512 -0.340000
v -1.410326 5.230512 -0.360000
v -1.414383 5.242133 -0.340000
v -1.414383 5.242133 -0.360000
v -1.419945 5.252759 -0.340000
v -1.419945 5.252759 -0.360000
v -1.426944 5.262337 -0.340000
v -1.426944 5.262337 -0.360000
v -1.435313 5.270813 -0.340000
v -1.435313 5.270813 -0.360000
v -1.444984 5.278131 -0.340000
v -1.444984 5.278131 -0.360000
v -1.455889 5.284241 -0.340000
v -1.455889 5.284241 -0.360000
v -1.467961 5.289086 -0.340000
v -1.467961 5.289086 -0.360000
v -1.481132 5.292614 -0.340000
v -1.481132 5.292614 -0.360000
v -1.495334 5.294769 -0.340000
v -1.495334 5.294769 -0.360000
v -1.510500 5.295500 -0.340000
v -1.510500 5.295500 -0.360000
v -1.516999 5.295333 -0.340000
v -1.516999 5.295333 -0.360000
v -1.523491 5.294833 -0.340000
v -1.523491 5.294833 -0.360000
v -1.529969 5.294000 -0.340000
v -1.529969 5.294000 -0.360000
v -1.536426 5.292833 -0.340000
v -1.536426 5.292833 -0.360000
v -1.542856 5.291333 -0.340000
v -1.542856 5.291333 -0.360000
v -1.549250 5.289500 -0.340000
v -1.549250 5.289500 -0.360000
v -1.555603 5.287333 -0.340000
v -1.555603 5.287333 -0.360000
v -1.561908 5.284833 -0.340000
v -1.561908 5.284833 -0.360000
v -1.568156 5.282000 -0.340000
v -1.568156 5.282000 -0.360000
v -1.574343 5.278833 -0.340000
v -1.574343 5.278833 -0.360000
v -1.580460 5.275333 -0.340000
v -1.580460 5.275333 -0.360000
v -1.586500 5.271500 -0.340000
v -1.586500 5.271500 -0.360000
v -1.586500 5.216000 -0.340000
v -1.586500 5.216000 -0.360000
vn -0.0000 -0.0000 -1.0000
vn -0.0000 -0.0000 1.0000
vn -0.7071 0.7071 -0.0000
vn -0.7071 -0.7071 -0.0000
vn 0.7071 -0.7071 -0.0000
vn 0.7071 0.7071 -0.0000
vn 0.8349 0.5504 -0.0000
vn 0.5504 -0.8349 -0.0000
vn -0.5507 0.8347 -0.0000
vn 0.0009 1.0000 -0.0000
vn 0.5514 0.8342 -0.0000
vn -0.8329 0.5535 -0.0000
vn 0.5515 0.8342 -0.0000
vn -0.5535 -0.8328 -0.0000
vn -0.3500 -0.9368 -0.0000
vn 0.4149 -0.9099 -0.0000
vn -0.3500 -0.9367 -0.0000
vn -0.4132 0.9106 -0.0000
vn 0.3517 0.9361 -0.0000
vn -0.4344 -0.9007 -0.0000
vn 0.4345 -0.9007 -0.0000
vn -0.4345 -0.9007 -0.0000
vn 0.4344 -0.9007 -0.0000
vn -0.4312 0.9022 -0.0000
vn -0.0011 1.0000 -0.0000
vn 0.4303 0.9027 -0.0000
vn -0.1942 0.9810 -0.0000
vn -0.0934 0.9956 -0.0000
vn -0.3028 0.9531 -0.0000
vn -0.4173 0.9088 -0.0000
vn -0.5344 0.8453 -0.0000
vn -0.6490 0.7608 -0.0000
vn -0.7549 0.6558 -0.0000
vn -0.8457 0.5336 -0.0000
vn -0.9164 0.4002 -0.0000
vn -0.9649 0.2627 -0.0000
vn -0.9918 0.1279 -0.0000
vn -1.0000 0.0090 -0.0000
vn -0.9960 -0.0898 -0.0000
vn -0.9830 -0.1836 -0.0000
vn -0.9599 -0.2804 -0.0000
vn -0.9258 -0.3780 -0.0000
vn -0.8806 -0.4739 -0.0000
vn -0.8247 -0.5656 -0.0000
vn -0.7596 -0.6504 -0.0000
vn -0.8247 -0.5655 -0.0000
vn -0.6872 -0.7265 -0.0000
vn -0.6098 -0.7926 -0.0000
vn -0.5297 -0.8482 -0.0000
vn -0.4492 -0.8935 -0.0000
vn -0.9951 -0.0990 -0.0000
vn -0.4491 -0.8935 -0.0000
vn -0.6079 0.7940 -0.0000
vn -0.9951 -0.0991 -0.0000
vn -0.6591 0.7520 -0.0000
vn -0.7038 0.7104 -0.0000
vn -0.7417 0.6707 -0.0000
vn -0.7729 0.6345 -0.0000
vn -0.7978 0.6030 -0.0000
vn -0.8171 0.5766 -0.0000
vn -0.8315 0.5556 -0.0000
vn -0.8417 0.5400 -0.0000
vn -0.8483 0.5296 -0.0000
vn -0.8518 0.5239 -0.0000
vn -0.8509 0.5253 -0.0000
vn -0.8468 0.5320 -0.0000
vn -0.8419 0.5396 -0.0000
vn -0.8365 0.5479 -0.0000
vn -0.8310 0.5563 -0.0000
vn -0.8256 0.5642 -0.0000
vn -0.8208 0.5712 -0.0000
vn -0.8169 0.5768 -0.0000
vn -0.8139 0.5810 -0.0000
vn -0.8119 0.5838 -0.0000
vn -0.8107 0.5854 -0.0000
vn -0.8103 0.5860 -0.0000
vn -0.8905 -0.4549 -0.0000
vn 0.4792 -0.8777 -0.0000
vn -0.8906 -0.4549 -0.0000
vn 0.8375 -0.5465 -0.0000
vn 0.8246 -0.5658 -0.0000
vn 0.8030 -0.5960 -0.0000
vn 0.7740 -0.6332 -0.0000
vn 0.7348 -0.6783 -0.0000
vn 0.6817 -0.7316 -0.0000
vn 0.6110 -0.7917 -0.0000
vn 0.5199 -0.8542 -0.0000
vn 0.4100 -0.9121 -0.0000
vn 0.5199 -0.8543 -0.0000
vn 0.2896 -0.9572 -0.0000
vn 0.1728 -0.9850 -0.0000
vn 0.2895 -0.9572 -0.0000
vn 0.0747 -0.9972 -0.0000
vn 0.0160 -0.9999 -0.0000
vn -0.0225 0.9997 -0.0000
vn 0.0944 0.9955 -0.0000
vn 0.0221 0.9998 -0.0000
vn 0.2017 0.9794 -0.0000
vn 0.3226 0.9466 -0.0000
vn 0.4529 0.8916 -0.0000
vn 0.3225 0.9466 -0.0000
vn 0.5851 0.8110 -0.0000
vn 0.7088 0.7054 -0.0000
vn 0.8139 0.5810 -0.0000
vn 0.8942 0.4477 -0.0000
vn 0.9489 0.3156 -0.0000
vn 0.9813 0.1924 -0.0000
vn 0.9967 0.0817 -0.0000
vn 0.9998 -0.0184 -0.0000
vn 0.9923 -0.1239 -0.0000
vn 0.9692 -0.2462 -0.0000
vn 0.9245 -0.3813 -0.0000
vn 0.8533 -0.5215 -0.0000
vn 0.7555 -0.6551 -0.0000
vn 0.6374 -0.7705 -0.0000
vn 0.5096 -0.8604 -0.0000
vn 0.3835 -0.9235 -0.0000
vn 0.2671 -0.9637 -0.0000
vn 0.1644 -0.9864 -0.0000
vn 0.0762 -0.9971 -0.0000
vn 0.0178 -0.9998 -0.0000
vn 0.5982 -0.8014 -0.0000
vn 0.6452 -0.7640 -0.0000
vn 0.6451 -0.7641 -0.0000
vn 0.5472 -0.8370 -0.0000
vn 0.4924 -0.8704 -0.0000
vn 0.4924 -0.8703 -0.0000
vn 0.3738 -0.9275 -0.0000
vn 0.3113 -0.9503 -0.0000
vn 0.2478 -0.9688 -0.0000
vn 0.1842 -0.9829 -0.0000
vn 0.1212 -0.9926 -0.0000
vn 0.0598 -0.9982 -0.0000
vn -0.0072 -1.0000 -0.0000
vn -0.0900 -0.9959 -0.0000
vn -0.1842 -0.9829 -0.0000
vn -0.2828 -0.9592 -0.0000
vn -0.3856 -0.9227 -0.0000
vn -0.4915 -0.8709 -0.0000
vn -0.5986 -0.8011 -0.0000
vn -0.7033 -0.7109 -0.0000
vn -0.8007 -0.5990 -0.0000
vn -0.8845 -0.4665 -0.0000
vn -0.9482 -0.3175 -0.0000
vn -0.9872 -0.1593 -0.0000
vn -0.9985 0.0556 -0.0000
vn -0.9314 0.3641 -0.0000
vn -0.7738 0.6335 -0.0000
vn -0.6274 0.7787 -0.0000
vn -0.7737 0.6335 -0.0000
vn -0.5367 0.8438 -0.0000
vn -0.5005 0.8657 -0.0000
vn -0.5106 0.8598 -0.0000
vn -0.5617 0.8274 -0.0000
vn -0.6500 0.7599 -0.0000
vn -0.7661 0.6427 -0.0000
vn -0.6501 0.7599 -0.0000
vn -0.8854 0.4648 -0.0000
vn -0.9712 0.2381 -0.0000
vn -0.9997 0.0262 -0.0000
vn -0.9918 -0.1282 -0.0000
vn -0.9663 -0.2574 -0.0000
vn -0.9231 -0.3845 -0.0000
vn -0.8626 -0.5058 -0.0000
vn -0.7860 -0.6182 -0.0000
vn -0.6952 -0.7188 -0.0000
vn -0.5927 -0.8055 -0.0000
vn -0.4810 -0.8767 -0.0000
vn -0.3632 -0.9317 -0.0000
vn -0.2420 -0.9703 -0.0000
vn -0.1202 -0.9928 -0.0000
vn -0.0182 -0.9998 -0.0000
vn 0.0471 -0.9989 -0.0000
vn 0.0968 -0.9953 -0.0000
vn 0.1491 -0.9888 -0.0000
vn 0.2033 -0.9791 -0.0000
vn 0.2586 -0.9660 -0.0000
vn 0.3140 -0.9494 -0.0000
vn 0.3686 -0.9296 -0.0000
vn 0.4214 -0.9069 -0.0000
vn 0.4717 -0.8817 -0.0000
vn 0.5189 -0.8549 -0.0000
vn 0.5623 -0.8269 -0.0000
vn 0.8896 -0.4567 -0.0000
vn 0.3392 0.9407 -0.0000
vn -0.7500 0.6614 -0.0000
vn 0.3394 0.9407 -0.0000
vn -0.7074 0.7068 -0.0000
vn -0.6596 0.7516 -0.0000
vn -0.6063 0.7953 -0.0000
vn -0.5473 0.8370 -0.0000
vn -0.4825 0.8759 -0.0000
vn -0.4122 0.9111 -0.0000
vn -0.3367 0.9416 -0.0000
vn -0.2566 0.9665 -0.0000
vn -0.1730 0.9849 -0.0000
vn -0.0870 0.9962 -0.0000
vn 0.0048 1.0000 -0.0000
vn 0.1096 0.9940 -0.0000
vn 0.2246 0.9744 -0.0000
vn 0.3427 0.9395 -0.0000
vn 0.4598 0.8880 -0.0000
vn 0.3426 0.9395 -0.0000
vn 0.5721 0.8202 -0.0000
vn 0.6758 0.7371 -0.0000
vn 0.7680 0.6404 -0.0000
vn 0.8467 0.5321 -0.0000
vn 0.9105 0.4135 -0.0000
vn 0.9584 0.2853 -0.0000
vn 0.9891 0.1473 -0.0000
vn 0.9988 -0.0497 -0.0000
vn 0.9418 -0.3362 -0.0000
vn 0.8047 -0.5937 -0.0000
vn 0.6690 -0.7433 -0.0000
vn 0.5764 -0.8172 -0.0000
vn 0.5308 -0.8475 -0.0000
vn 0.5272 -0.8497 -0.0000
vn 0.5624 -0.8268 -0.0000
vn 0.6354 -0.7722 -0.0000
vn 0.7422 -0.6702 -0.0000
vn 0.8648 -0.5021 -0.0000
vn 0.9638 -0.2666 -0.0000
vn 0.9994 -0.0352 -0.0000
vn 0.9917 0.1285 -0.0000
vn 0.9650 0.2624 -0.0000
vn 0.9175 0.3977 -0.0000
vn 0.8490 0.5283 -0.0000
vn 0.7616 0.6481 -0.0000
vn 0.6592 0.7519 -0.0000
vn 0.5474 0.8369 -0.0000
vn 0.6592 0.7520 -0.0000
vn 0.4315 0.9021 -0.0000
vn 0.3162 0.9487 -0.0000
vn 0.2047 0.9788 -0.0000
vn 0.0992 0.9951 -0.0000
vn 0.0112 0.9999 -0.0000
vn -0.0512 0.9987 -0.0000
vn -0.1022 0.9948 -0.0000
vn -0.1527 0.9883 -0.0000
vn -0.2026 0.9793 -0.0000
vn -0.2515 0.9679 -0.0000
vn -0.2993 0.9542 -0.0000
vn -0.3458 0.9383 -0.0000
vn -0.3909 0.9204 -0.0000
vn -0.4344 0.9007 -0.0000
vn -0.4763 0.8793 -0.0000
vn -0.5164 0.8564 -0.0000
vn -0.8763 0.4817 -0.0000
vn -0.4078 -0.9131 -0.0000
vn -0.8763 0.4818 -0.0000
vn -0.4079 -0.9130 -0.0000
vt 0.884298 0.000000
vt 0.900826 0.000000
vt 0.892562 0.000000
vt 0.909091 0.000000
vt 0.917355 0.000000
vt 0.876033 0.000000
vt 0.925620 0.000000
vt 0.933884 0.000000
vt 0.867769 0.000000
vt 0.942149 0.000000
vt 0.950413 0.000000
vt 0.859504 0.000000
vt 0.958678 0.000000
vt 0.966942 0.000000
vt 0.851240 0.000000
vt 0.975207 0.000000
vt 0.983471 0.000000
vt 0.842975 0.000000
vt 0.991736 0.000000
vt 0.057851 0.000000
vt 0.049587 0.000000
vt 0.041322 0.000000
vt 0.033058 0.000000
vt 0.024793 0.000000
vt 0.016529 0.000000
vt 0.008264 0.000000
vt 0.000000 0.000000
vt 1.000000 0.000000
vt 0.834711 0.000000
vt 0.074380 0.000000
vt 0.066116 0.000000
vt 0.826446 0.000000
vt 0.090909 0.000000
vt 0.082645 0.000000
vt 0.818182 0.000000
vt 0.099174 0.000000
vt 0.107438 0.000000
vt 0.115702 0.000000
vt 0.123967 0.000000
vt 0.132231 0.000000
vt 0.140496 0.000000
vt 0.809917 0.000000
vt 0.148760 0.000000
vt 0.157025 0.000000
vt 0.165289 0.000000
vt 0.801653 0.000000
vt 0.173554 0.000000
vt 0.181818 0.000000
vt 0.793388 0.000000
vt 0.190083 0.000000
vt 0.198347 0.000000
vt 0.785124 0.000000
vt 0.206612 0.000000
vt 0.214876 0.000000
vt 0.776860 0.000000
vt 0.223140 0.000000
vt 0.768595 0.000000
vt 0.231405 0.000000
vt 0.239669 0.000000
vt 0.760331 0.000000
vt 0.247934 0.000000
vt 0.752066 0.000000
vt 0.256198 0.000000
vt 0.743802 0.000000
vt 0.264463 0.000000
vt 0.735537 0.000000
vt 0.272727 0.000000
vt 0.727273 0.000000
vt 0.719008 0.000000
vt 0.280992 0.000000
vt 0.710744 0.000000
vt 0.702479 0.000000
vt 0.289256 0.000000
vt 0.694215 0.000000
vt 0.487603 0.000000
vt 0.504132 0.000000
vt 0.495868 0.000000
vt 0.297521 0.000000
vt 0.685950 0.000000
vt 0.512397 0.000000
vt 0.677686 0.000000
vt 0.305785 0.000000
vt 0.520661 0.000000
vt 0.669421 0.000000
vt 0.528926 0.000000
vt 0.661157 0.000000
vt 0.652893 0.000000
vt 0.314050 0.000000
vt 0.537190 0.000000
vt 0.644628 0.000000
vt 0.545455 0.000000
vt 0.636364 0.000000
vt 0.553719 0.000000
vt 0.322314 0.000000
vt 0.628099 0.000000
vt 0.561983 0.000000
vt 0.619835 0.000000
vt 0.570248 0.000000
vt 0.611570 0.000000
vt 0.578512 0.000000
vt 0.603306 0.000000
vt 0.586777 0.000000
vt 0.330579 0.000000
vt 0.595041 0.000000
vt 0.338843 0.000000
vt 0.479339 0.000000
vt 0.471074 0.000000
vt 0.347107 0.000000
vt 0.462810 0.000000
vt 0.355372 0.000000
vt 0.454545 0.000000
vt 0.446281 0.000000
vt 0.363636 0.000000
vt 0.438017 0.000000
vt 0.429752 0.000000
vt 0.371901 0.000000
vt 0.421488 0.000000
vt 0.413223 0.000000
vt 0.380165 0.000000
vt 0.404959 0.000000
vt 0.396694 0.000000
vt 0.388430 0.000000
vt 0.688172 0.000000
vt 0.989247 0.000000
vt 0.698925 0.000000
vt 0.709677 0.000000
vt 0.010753 0.000000
vt 0.021505 0.000000
vt 0.032258 0.000000
vt 0.043011 0.000000
vt 0.053763 0.000000
vt 0.064516 0.000000
vt 0.978495 0.000000
vt 0.075269 0.000000
vt 0.967742 0.000000
vt 0.956989 0.000000
vt 0.946237 0.000000
vt 0.086022 0.000000
vt 0.935484 0.000000
vt 0.924731 0.000000
vt 0.913979 0.000000
vt 0.096774 0.000000
vt 0.903226 0.000000
vt 0.892473 0.000000
vt 0.881720 0.000000
vt 0.107527 0.000000
vt 0.870968 0.000000
vt 0.860215 0.000000
vt 0.118280 0.000000
vt 0.849462 0.000000
vt 0.838710 0.000000
vt 0.129032 0.000000
vt 0.827957 0.000000
vt 0.139785 0.000000
vt 0.817204 0.000000
vt 0.806452 0.000000
vt 0.150538 0.000000
vt 0.795699 0.000000
vt 0.161290 0.000000
vt 0.784946 0.000000
vt 0.172043 0.000000
vt 0.774194 0.000000
vt 0.763441 0.000000
vt 0.182796 0.000000
vt 0.752688 0.000000
vt 0.741935 0.000000
vt 0.193548 0.000000
vt 0.731183 0.000000
vt 0.720430 0.000000
vt 0.666667 0.000000
vt 0.204301 0.000000
vt 0.215054 0.000000
vt 0.225806 0.000000
vt 0.236559 0.000000
vt 0.247312 0.000000
vt 0.258065 0.000000
vt 0.268817 0.000000
vt 0.655914 0.000000
vt 0.645161 0.000000
vt 0.279570 0.000000
vt 0.677419 0.000000
vt 0.634409 0.000000
vt 0.623656 0.000000
vt 0.612903 0.000000
vt 0.290323 0.000000
vt 0.602151 0.000000
vt 0.591398 0.000000
vt 0.301075 0.000000
vt 0.580645 0.000000
vt 0.311828 0.000000
vt 0.569892 0.000000
vt 0.322581 0.000000
vt 0.559140 0.000000
vt 0.333333 0.000000
vt 0.548387 0.000000
vt 0.344086 0.000000
vt 0.537634 0.000000
vt 0.354839 0.000000
vt 0.365591 0.000000
vt 0.526882 0.000000
vt 0.376344 0.000000
vt 0.516129 0.000000
vt 0.387097 0.000000
vt 0.397849 0.000000
vt 0.408602 0.000000
vt 0.419355 0.000000
vt 0.430108 0.000000
vt 0.440860 0.000000
vt 0.451613 0.000000
vt 0.462366 0.000000
vt 0.473118 0.000000
vt 0.483871 0.000000
vt 0.494624 0.000000
vt 0.505376 0.000000
vt 0.571429 0.000000
vt 0.714286 0.000000
vt 0.642857 0.000000
vt 0.428571 0.000000
vt 0.357143 0.000000
vt 0.785714 0.000000
vt 0.928571 0.000000
vt 0.857143 0.000000
vt 0.142857 0.000000
vt 0.071429 0.000000
vt 0.500000 0.000000
vt 0.285714 0.000000
vt 0.214286 0.000000
vt 0.555556 0.000000
vt 0.444444 0.000000
vt 0.111111 0.000000
vt 0.888889 0.000000
vt 0.777778 0.000000
vt 0.222222 0.000000
vt 0.166667 0.000000
vt 0.833333 0.000000
vt 0.083333 1.000000
vt 0.000000 1.000000
vt 0.166667 1.000000
vt 0.083333 0.000000
vt 0.250000 1.000000
vt 0.333333 1.000000
vt 0.250000 0.000000
vt 0.416667 1.000000
vt 0.500000 1.000000
vt 0.416667 0.000000
vt 0.583333 1.000000
vt 0.666667 1.000000
vt 0.583333 0.000000
vt 0.750000 1.000000
vt 0.833333 1.000000
vt 0.750000 0.000000
vt 0.916667 1.000000
vt 1.000000 1.000000
vt 0.916667 0.000000
vt 0.142857 1.000000
vt 0.285714 1.000000
vt 0.428571 1.000000
vt 0.571429 1.000000
vt 0.714286 1.000000
vt 0.857143 1.000000
vt 0.100000 1.000000
vt 0.200000 1.000000
vt 0.100000 0.000000
vt 0.300000 1.000000
vt 0.200000 0.000000
vt 0.400000 1.000000
vt 0.300000 0.000000
vt 0.400000 0.000000
vt 0.600000 1.000000
vt 0.700000 1.000000
vt 0.600000 0.000000
vt 0.800000 1.000000
vt 0.700000 0.000000
vt 0.900000 1.000000
vt 0.800000 0.000000
vt 0.900000 0.000000
vt 0.125000 1.000000
vt 0.125000 0.000000
vt 0.375000 1.000000
vt 0.375000 0.000000
vt 0.625000 1.000000
vt 0.625000 0.000000
vt 0.875000 1.000000
vt 0.875000 0.000000
vt 0.066667 1.000000
vt 0.133333 1.000000
vt 0.066667 0.000000
vt 0.133333 0.000000
vt 0.266667 1.000000
vt 0.266667 0.000000
vt 0.466667 1.000000
vt 0.533333 1.000000
vt 0.466667 0.000000
vt 0.533333 0.000000
vt 0.733333 1.000000
vt 0.733333 0.000000
vt 0.866667 1.000000
vt 0.933333 1.000000
vt 0.866667 0.000000
vt 0.933333 0.000000
vt 0.014925 1.000000
vt 0.029851 1.000000
vt 0.014925 0.000000
vt 0.044776 1.000000
vt 0.029851 0.000000
vt 0.059701 1.000000
vt 0.044776 0.000000
vt 0.074627 1.000000
vt 0.059701 0.000000
vt 0.089552 1.000000
vt 0.074627 0.000000
vt 0.104478 1.000000
vt 0.089552 0.000000
vt 0.119403 1.000000
vt 0.104478 0.000000
vt 0.134328 1.000000
vt 0.119403 0.000000
vt 0.149254 1.000000
vt 0.134328 0.000000
vt 0.164179 1.000000
vt 0.149254 0.000000
vt 0.179104 1.000000
vt 0.164179 0.000000
vt 0.194030 1.000000
vt 0.179104 0.000000
vt 0.208955 1.000000
vt 0.194030 0.000000
vt 0.223881 1.000000
vt 0.208955 0.000000
vt 0.238806 1.000000
vt 0.223881 0.000000
vt 0.253731 1.000000
vt 0.238806 0.000000
vt 0.268657 1.000000
vt 0.253731 0.000000
vt 0.283582 1.000000
vt 0.268657 0.000000
vt 0.298507 1.000000
vt 0.283582 0.000000
vt 0.313433 1.000000
vt 0.298507 0.000000
vt 0.328358 1.000000
vt 0.313433 0.000000
vt 0.343284 1.000000
vt 0.328358 0.000000
vt 0.358209 1.000000
vt 0.343284 0.000000
vt 0.373134 1.000000
vt 0.358209 0.000000
vt 0.388060 1.000000
vt 0.373134 0.000000
vt 0.402985 1.000000
vt 0.388060 0.000000
vt 0.417910 1.000000
vt 0.402985 0.000000
vt 0.432836 1.000000
vt 0.417910 0.000000
vt 0.447761 1.000000
vt 0.432836 0.000000
vt 0.462687 1.000000
vt 0.447761 0.000000
vt 0.477612 1.000000
vt 0.462687 0.000000
vt 0.492537 1.000000
vt 0.477612 0.000000
vt 0.507463 1.000000
vt 0.492537 0.000000
vt 0.522388 1.000000
vt 0.507463 0.000000
vt 0.537313 1.000000
vt 0.522388 0.000000
vt 0.552239 1.000000
vt 0.537313 0.000000
vt 0.567164 1.000000
vt 0.552239 0.000000
vt 0.582090 1.000000
vt 0.567164 0.000000
vt 0.597015 1.000000
vt 0.582090 0.000000
vt 0.611940 1.000000
vt 0.597015 0.000000
vt 0.626866 1.000000
vt 0.611940 0.000000
vt 0.641791 1.000000
vt 0.626866 0.000000
vt 0.656716 1.000000
vt 0.641791 0.000000
vt 0.671642 1.000000
vt 0.656716 0.000000
vt 0.686567 1.000000
vt 0.671642 0.000000
vt 0.701493 1.000000
vt 0.686567 0.000000
vt 0.716418 1.000000
vt 0.701493 0.000000
vt 0.731343 1.000000
vt 0.716418 0.000000
vt 0.746269 1.000000
vt 0.731343 0.000000
vt 0.761194 1.000000
vt 0.746269 0.000000
vt 0.776119 1.000000
vt 0.761194 0.000000
vt 0.791045 1.000000
vt 0.776119 0.000000
vt 0.805970 1.000000
vt 0.791045 0.000000
vt 0.820895 1.000000
vt 0.805970 0.000000
vt 0.835821 1.000000
vt 0.820895 0.000000
vt 0.850746 1.000000
vt 0.835821 0.000000
vt 0.865672 1.000000
vt 0.850746 0.000000
vt 0.880597 1.000000
vt 0.865672 0.000000
vt 0.895522 1.000000
vt 0.880597 0.000000
vt 0.910448 1.000000
vt 0.895522 0.000000
vt 0.925373 1.000000
vt 0.910448 0.000000
vt 0.940298 1.000000
vt 0.925373 0.000000
vt 0.955224 1.000000
vt 0.940298 0.000000
vt 0.970149 1.000000
vt 0.955224 0.000000
vt 0.985075 1.000000
vt 0.970149 0.000000
vt 0.985075 0.000000
vt 0.037037 1.000000
vt 0.074074 1.000000
vt 0.037037 0.000000
vt 0.111111 1.000000
vt 0.074074 0.000000
vt 0.148148 1.000000
vt 0.185185 1.000000
vt 0.148148 0.000000
vt 0.222222 1.000000
vt 0.185185 0.000000
vt 0.259259 1.000000
vt 0.296296 1.000000
vt 0.259259 0.000000
vt 0.296296 0.000000
vt 0.370370 1.000000
vt 0.407407 1.000000
vt 0.370370 0.000000
vt 0.444444 1.000000
vt 0.407407 0.000000
vt 0.481481 1.000000
vt 0.518519 1.000000
vt 0.481481 0.000000
vt 0.555556 1.000000
vt 0.518519 0.000000
vt 0.592593 1.000000
vt 0.629630 1.000000
vt 0.592593 0.000000
vt 0.629630 0.000000
vt 0.703704 1.000000
vt 0.740741 1.000000
vt 0.703704 0.000000
vt 0.777778 1.000000
vt 0.740741 0.000000
vt 0.814815 1.000000
vt 0.851852 1.000000
vt 0.814815 0.000000
vt 0.888889 1.000000
vt 0.851852 0.000000
vt 0.925926 1.000000
vt 0.962963 1.000000
vt 0.925926 0.000000
vt 0.962963 0.000000
vt 0.008197 1.000000
vt 0.016393 1.000000
vt 0.008197 0.000000
vt 0.024590 1.000000
vt 0.016393 0.000000
vt 0.032787 1.000000
vt 0.024590 0.000000
vt 0.040984 1.000000
vt 0.032787 0.000000
vt 0.049180 1.000000
vt 0.040984 0.000000
vt 0.057377 1.000000
vt 0.049180 0.000000
vt 0.065574 1.000000
vt 0.057377 0.000000
vt 0.073770 1.000000
vt 0.065574 0.000000
vt 0.081967 1.000000
vt 0.073770 0.000000
vt 0.090164 1.000000
vt 0.081967 0.000000
vt 0.098361 1.000000
vt 0.090164 0.000000
vt 0.106557 1.000000
vt 0.098361 0.000000
vt 0.114754 1.000000
vt 0.106557 0.000000
vt 0.122951 1.000000
vt 0.114754 0.000000
vt 0.131148 1.000000
vt 0.122951 0.000000
vt 0.139344 1.000000
vt 0.131148 0.000000
vt 0.147541 1.000000
vt 0.139344 0.000000
vt 0.155738 1.000000
vt 0.147541 0.000000
vt 0.163934 1.000000
vt 0.155738 0.000000
vt 0.172131 1.000000
vt 0.163934 0.000000
vt 0.180328 1.000000
vt 0.172131 0.000000
vt 0.188525 1.000000
vt 0.180328 0.000000
vt 0.196721 1.000000
vt 0.188525 0.000000
vt 0.204918 1.000000
vt 0.196721 0.000000
vt 0.213115 1.000000
vt 0.204918 0.000000
vt 0.221311 1.000000
vt 0.213115 0.000000
vt 0.229508 1.000000
vt 0.221311 0.000000
vt 0.237705 1.000000
vt 0.229508 0.000000
vt 0.245902 1.000000
vt 0.237705 0.000000
vt 0.254098 1.000000
vt 0.245902 0.000000
vt 0.262295 1.000000
vt 0.254098 0.000000
vt 0.270492 1.000000
vt 0.262295 0.000000
vt 0.278689 1.000000
vt 0.270492 0.000000
vt 0.286885 1.000000
vt 0.278689 0.000000
vt 0.295082 1.000000
vt 0.286885 0.000000
vt 0.303279 1.000000
vt 0.295082 0.000000
vt 0.311475 1.000000
vt 0.303279 0.000000
vt 0.319672 1.000000
vt 0.311475 0.000000
vt 0.327869 1.000000
vt 0.319672 0.000000
vt 0.336066 1.000000
vt 0.327869 0.000000
vt 0.344262 1.000000
vt 0.336066 0.000000
vt 0.352459 1.000000
vt 0.344262 0.000000
vt 0.360656 1.000000
vt 0.352459 0.000000
vt 0.368852 1.000000
vt 0.360656 0.000000
vt 0.377049 1.000000
vt 0.368852 0.000000
vt 0.385246 1.000000
vt 0.377049 0.000000
vt 0.393443 1.000000
vt 0.385246 0.000000
vt 0.401639 1.000000
vt 0.393443 0.000000
vt 0.409836 1.000000
vt 0.401639 0.000000
vt 0.418033 1.000000
vt 0.409836 0.000000
vt 0.426230 1.000000
vt 0.418033 0.000000
vt 0.434426 1.000000
vt 0.426230 0.000000
vt 0.442623 1.000000
vt 0.434426 0.000000
vt 0.450820 1.000000
vt 0.442623 0.000000
vt 0.459016 1.000000
vt 0.450820 0.000000
vt 0.467213 1.000000
vt 0.459016 0.000000
vt 0.475410 1.000000
vt 0.467213 0.000000
vt 0.483607 1.000000
vt 0.475410 0.000000
vt 0.491803 1.000000
vt 0.483607 0.000000
vt 0.491803 0.000000
vt 0.508197 1.000000
vt 0.516393 1.000000
vt 0.508197 0.000000
vt 0.524590 1.000000
vt 0.516393 0.000000
vt 0.532787 1.000000
vt 0.524590 0.000000
vt 0.540984 1.000000
vt 0.532787 0.000000
vt 0.549180 1.000000
vt 0.540984 0.000000
vt 0.557377 1.000000
vt 0.549180 0.000000
vt 0.565574 1.000000
vt 0.557377 0.000000
vt 0.573770 1.000000
vt 0.565574 0.000000
vt 0.581967 1.000000
vt 0.573770 0.000000
vt 0.590164 1.000000
vt 0.581967 0.000000
vt 0.598361 1.000000
vt 0.590164 0.000000
vt 0.606557 1.000000
vt 0.598361 0.000000
vt 0.614754 1.000000
vt 0.606557 0.000000
vt 0.622951 1.000000
vt 0.614754 0.000000
vt 0.631148 1.000000
vt 0.622951 0.000000
vt 0.639344 1.000000
vt 0.631148 0.000000
vt 0.647541 1.000000
vt 0.639344 0.000000
vt 0.655738 1.000000
vt 0.647541 0.000000
vt 0.663934 1.000000
vt 0.655738 0.000000
vt 0.672131 1.000000
vt 0.663934 0.000000
vt 0.680328 1.000000
vt 0.672131 0.000000
vt 0.688525 1.000000
vt 0.680328 0.000000
vt 0.696721 1.000000
vt 0.688525 0.000000
vt 0.704918 1.000000
vt 0.696721 0.000000
vt 0.713115 1.000000
vt 0.704918 0.000000
vt 0.721311 1.000000
vt 0.713115 0.000000
vt 0.729508 1.000000
vt 0.721311 0.000000
vt 0.737705 1.000000
vt 0.729508 0.000000
vt 0.745902 1.000000
vt 0.737705 0.000000
vt 0.754098 1.000000
vt 0.745902 0.000000
vt 0.762295 1.000000
vt 0.754098 0.000000
vt 0.770492 1.000000
vt 0.762295 0.000000
vt 0.778689 1.000000
vt 0.770492 0.000000
vt 0.786885 1.000000
vt 0.778689 0.000000
vt 0.795082 1.000000
vt 0.786885 0.000000
vt 0.803279 1.000000
vt 0.795082 0.000000
vt 0.811475 1.000000
vt 0.803279 0.000000
vt 0.819672 1.000000
vt 0.811475 0.000000
vt 0.827869 1.000000
vt 0.819672 0.000000
vt 0.836066 1.000000
vt 0.827869 0.000000
vt 0.844262 1.000000
vt 0.836066 0.000000
vt 0.852459 1.000000
vt 0.844262 0.000000
vt 0.860656 1.000000
vt 0.852459 0.000000
vt 0.868852 1.000000
vt 0.860656 0.000000
vt 0.877049 1.000000
vt 0.868852 0.000000
vt 0.885246 1.000000
vt 0.877049 0.000000
vt 0.893443 1.000000
vt 0.885246 0.000000
vt 0.901639 1.000000
vt 0.893443 0.000000
vt 0.909836 1.000000
vt 0.901639 0.000000
vt 0.918033 1.000000
vt 0.909836 0.000000
vt 0.926230 1.000000
vt 0.918033 0.000000
vt 0.934426 1.000000
vt 0.926230 0.000000
vt 0.942623 1.000000
vt 0.934426 0.000000
vt 0.950820 1.000000
vt 0.942623 0.000000
vt 0.959016 1.000000
vt 0.950820 0.000000
vt 0.967213 1.000000
vt 0.959016 0.000000
vt 0.975410 1.000000
vt 0.967213 0.000000
vt 0.983607 1.000000
vt 0.975410 0.000000
vt 0.991803 1.000000
vt 0.983607 0.000000
vt 0.991803 0.000000
s 0
usemtl TextBlue
f 172/113/49 174/114/49 173/115/49
f 172/113/49 175/116/49 174/114/49
f 172/113/49 176/117/49 175/116/49
f 171/118/49 176/117/49 172/113/49
f 171/118/49 177/119/49 176/117/49
f 171/118/49 178/120/49 177/119/49
f 170/121/49 178/120/49 171/118/49
f 170/121/49 179/122/49 178/120/49
f 170/121/49 180/123/49 179/122/49
f 169/124/49 180/123/49 170/121/49
f 169/124/49 181/125/49 180/123/49
f 169/124/49 182/126/49 181/125/49
f 168/127/49 182/126/49 169/124/49
f 168/127/49 183/128/49 182/126/49
f 168/127/49 184/129/49 183/128/49
f 167/130/49 184/129/49 168/127/49
f 167/130/49 185/131/49 184/129/49
f 167/130/49 72/132/49 185/131/49
f 72/132/49 71/133/49 185/131/49
f 71/133/49 70/134/49 185/131/49
f 70/134/49 69/135/49 185/131/49
f 69/135/49 68/136/49 185/131/49
f 68/136/49 67/137/49 185/131/49
f 67/137/49 66/138/49 185/131/49
f 66/138/49 65/139/49 185/131/49
f 65/139/49 186/140/49 185/131/49
f 166/141/49 74/142/49 167/130/49
f 74/142/49 73/143/49 167/130/49
f 73/143/49 72/132/49 167/130/49
f 165/144/49 76/145/49 166/141/49
f 76/145/49 75/146/49 166/141/49
f 75/146/49 74/142/49 166/141/49
f 164/147/49 77/148/49 165/144/49
f 77/148/49 76/145/49 165/144/49
f 164/147/49 78/149/49 77/148/49
f 164/147/49 79/150/49 78/149/49
f 164/147/49 80/151/49 79/150/49
f 164/147/49 81/152/49 80/151/49
f 164/147/49 82/153/49 81/152/49
f 163/154/49 82/153/49 164/147/49
f 163/154/49 83/155/49 82/153/49
f 163/154/49 84/156/49 83/155/49
f 163/154/49 85/157/49 84/156/49
f 162/158/49 85/157/49 163/154/49
f 162/158/49 86/159/49 85/157/49
f 162/158/49 87/160/49 86/159/49
f 161/161/49 87/160/49 162/158/49
f 161/161/49 88/162/49 87/160/49
f 161/161/49 89/163/49 88/162/49
f 160/164/49 89/163/49 161/161/49
f 160/164/49 90/165/49 89/163/49
f 160/164/49 91/166/49 90/165/49
f 159/167/49 91/166/49 160/164/49
f 159/167/49 92/168/49 91/166/49
f 158/169/49 92/168/49 159/167/49
f 158/169/49 93/170/49 92/168/49
f 158/169/49 94/171/49 93/170/49
f 157/172/49 94/171/49 158/169/49
f 157/172/49 95/173/49 94/171/49
f 156/174/49 95/173/49 157/172/49
f 156/174/49 96/175/49 95/173/49
f 155/176/49 96/175/49 156/174/49
f 155/176/49 97/177/49 96/175/49
f 154/178/49 97/177/49 155/176/49
f 154/178/49 98/179/49 97/177/49
f 153/180/49 98/179/49 154/178/49
f 152/181/49 98/179/49 153/180/49
f 152/181/49 99/182/49 98/179/49
f 151/183/49 99/182/49 152/181/49
f 150/184/49 99/182/49 151/183/49
f 150/184/49 100/185/49 99/182/49
f 149/186/49 100/185/49 150/184/49
f 124/187/49 126/188/49 125/189/49
f 149/186/49 101/190/49 100/185/49
f 148/191/49 101/190/49 149/186/49
f 124/187/49 127/192/49 126/188/49
f 147/193/49 101/190/49 148/191/49
f 147/193/49 102/194/49 101/190/49
f 124/187/49 128/195/49 127/192/49
f 146/196/49 102/194/49 147/193/49
f 124/187/49 129/197/49 128/195/49
f 145/198/49 102/194/49 146/196/49
f 144/199/49 102/194/49 145/198/49
f 144/199/49 103/200/49 102/194/49
f 124/187/49 130/201/49 129/197/49
f 143/202/49 103/200/49 144/199/49
f 124/187/49 131/203/49 130/201/49
f 142/204/49 103/200/49 143/202/49
f 124/187/49 132/205/49 131/203/49
f 142/204/49 104/206/49 103/200/49
f 141/207/49 104/206/49 142/204/49
f 124/187/49 133/208/49 132/205/49
f 140/209/49 104/206/49 141/207/49
f 124/187/49 134/210/49 133/208/49
f 139/211/49 104/206/49 140/209/49
f 124/187/49 135/212/49 134/210/49
f 138/213/49 104/206/49 139/211/49
f 124/187/49 136/214/49 135/212/49
f 138/213/49 105/215/49 104/206/49
f 137/216/49 105/215/49 138/213/49
f 124/187/49 137/216/49 136/214/49
f 124/187/49 105/215/49 137/216/49
f 124/187/49 106/217/49 105/215/49
f 123/218/49 106/217/49 124/187/49
f 122/219/49 106/217/49 123/218/49
f 122/219/49 107/220/49 106/217/49
f 121/221/49 107/220/49 122/219/49
f 121/221/49 108/222/49 107/220/49
f 120/223/49 108/222/49 121/221/49
f 119/224/49 108/222/49 120/223/49
f 119/224/49 109/225/49 108/222/49
f 118/226/49 109/225/49 119/224/49
f 117/227/49 109/225/49 118/226/49
f 117/227/49 110/228/49 109/225/49
f 116/229/49 110/228/49 117/227/49
f 115/230/49 110/228/49 116/229/49
f 115/230/49 111/231/49 110/228/49
f 114/232/49 111/231/49 115/230/49
f 113/233/49 111/231/49 114/232/49
f 113/233/49 112/234/49 111/231/49
f 251/235/49 279/236/49 252/237/49
f 279/236/49 253/238/49 252/237/49
f 279/236/49 187/139/49 253/238/49
f 279/236/49 188/239/49 187/139/49
f 279/236/49 189/240/49 188/239/49
f 279/236/49 190/241/49 189/240/49
f 279/236/49 191/242/49 190/241/49
f 279/236/49 192/243/49 191/242/49
f 279/236/49 193/244/49 192/243/49
f 279/236/49 278/245/49 193/244/49
f 278/245/49 194/246/49 193/244/49
f 251/235/49 280/140/49 279/236/49
f 277/247/49 194/246/49 278/245/49
f 276/248/49 194/246/49 277/247/49
f 275/249/49 194/246/49 276/248/49
f 275/249/49 195/250/49 194/246/49
f 274/251/49 195/250/49 275/249/49
f 273/252/49 195/250/49 274/251/49
f 272/253/49 195/250/49 273/252/49
f 272/253/49 196/254/49 195/250/49
f 271/255/49 196/254/49 272/253/49
f 270/256/49 196/254/49 271/255/49
f 269/257/49 196/254/49 270/256/49
f 269/257/49 197/258/49 196/254/49
f 268/259/49 197/258/49 269/257/49
f 267/260/49 197/258/49 268/259/49
f 267/260/49 198/261/49 197/258/49
f 266/262/49 198/261/49 267/260/49
f 265/263/49 198/261/49 266/262/49
f 265/263/49 199/264/49 198/261/49
f 264/265/49 199/264/49 265/263/49
f 264/265/49 200/266/49 199/264/49
f 263/267/49 200/266/49 264/265/49
f 262/268/49 200/266/49 263/267/49
f 262/268/49 201/269/49 200/266/49
f 261/270/49 201/269/49 262/268/49
f 261/270/49 202/271/49 201/269/49
f 260/272/49 202/271/49 261/270/49
f 260/272/49 203/273/49 202/271/49
f 259/274/49 203/273/49 260/272/49
f 258/275/49 203/273/49 259/274/49
f 258/275/49 204/276/49 203/273/49
f 257/277/49 204/276/49 258/275/49
f 256/278/49 204/276/49 257/277/49
f 256/278/49 205/279/49 204/276/49
f 255/280/49 205/279/49 256/278/49
f 254/281/49 205/279/49 255/280/49
f 251/235/49 249/282/49 280/140/49
f 249/282/49 254/281/49 280/140/49
f 249/282/49 205/279/49 254/281/49
f 249/282/49 206/283/49 205/279/49
f 249/282/49 207/284/49 206/283/49
f 249/282/49 208/285/49 207/284/49
f 249/282/49 209/286/49 208/285/49
f 249/282/49 210/287/49 209/286/49
f 249/282/49 211/288/49 210/287/49
f 249/282/49 212/289/49 211/288/49
f 249/282/49 248/290/49 212/289/49
f 248/290/49 247/291/49 212/289/49
f 247/291/49 213/292/49 212/289/49
f 251/235/49 250/293/49 249/282/49
f 246/294/49 213/292/49 247/291/49
f 245/295/49 213/292/49 246/294/49
f 244/296/49 213/292/49 245/295/49
f 244/296/49 214/297/49 213/292/49
f 243/298/49 214/297/49 244/296/49
f 242/299/49 214/297/49 243/298/49
f 242/299/49 215/300/49 214/297/49
f 241/301/49 215/300/49 242/299/49
f 241/301/49 216/302/49 215/300/49
f 240/303/49 216/302/49 241/301/49
f 240/303/49 217/304/49 216/302/49
f 239/305/49 217/304/49 240/303/49
f 239/305/49 218/306/49 217/304/49
f 238/307/49 218/306/49 239/305/49
f 238/307/49 219/308/49 218/306/49
f 237/309/49 219/308/49 238/307/49
f 237/309/49 220/310/49 219/308/49
f 237/309/49 221/311/49 220/310/49
f 236/312/49 221/311/49 237/309/49
f 236/312/49 222/313/49 221/311/49
f 235/314/49 222/313/49 236/312/49
f 235/314/49 223/315/49 222/313/49
f 235/314/49 224/316/49 223/315/49
f 235/314/49 225/317/49 224/316/49
f 235/314/49 226/318/49 225/317/49
f 235/314/49 227/319/49 226/318/49
f 235/314/49 228/320/49 227/319/49
f 235/314/49 229/321/49 228/320/49
f 235/314/49 230/322/49 229/321/49
f 235/314/49 231/323/49 230/322/49
f 235/314/49 232/324/49 231/323/49
f 235/314/49 233/325/49 232/324/49
f 235/314/49 234/326/49 233/325/49
f 289/180/49 281/139/49 290/147/49
f 281/139/49 291/116/49 290/147/49
f 281/139/49 292/140/49 291/116/49
f 289/180/49 282/145/49 281/139/49
f 289/180/49 285/225/49 282/145/49
f 285/225/49 283/160/49 282/145/49
f 285/225/49 284/179/49 283/160/49
f 289/180/49 286/223/49 285/225/49
f 289/180/49 287/203/49 286/223/49
f 289/180/49 288/204/49 287/203/49
f 301/327/49 303/328/49 302/329/49
f 301/327/49 299/330/49 303/328/49
f 299/330/49 298/331/49 303/328/49
f 298/331/49 304/332/49 303/328/49
f 304/332/49 306/333/49 305/334/49
f 304/332/49 295/335/49 306/333/49
f 295/335/49 294/336/49 306/333/49
f 294/336/49 307/140/49 306/333/49
f 301/327/49 300/337/49 299/330/49
f 297/338/49 304/332/49 298/331/49
f 304/332/49 296/339/49 295/335/49
f 293/139/49 307/140/49 294/336/49
f 297/338/49 296/339/49 304/332/49
f 308/139/49 310/282/49 309/306/49
f 308/139/49 311/140/49 310/282/49
f 316/327/49 318/334/49 317/328/49
f 316/327/49 319/140/49 318/334/49
f 315/330/49 319/140/49 316/327/49
f 314/338/49 312/139/49 315/330/49
f 312/139/49 319/140/49 315/330/49
f 314/338/49 313/335/49 312/139/49
f 324/327/49 326/334/49 325/328/49
f 324/327/49 327/140/49 326/334/49
f 323/330/49 327/140/49 324/327/49
f 322/338/49 320/139/49 323/330/49
f 320/139/49 327/140/49 323/330/49
f 322/338/49 321/335/49 320/139/49
f 331/306/49 333/340/49 332/341/49
f 331/306/49 329/342/49 333/340/49
f 329/342/49 334/282/49 333/340/49
f 334/282/49 336/343/49 335/344/49
f 334/282/49 337/140/49 336/343/49
f 331/306/49 330/345/49 329/342/49
f 328/139/49 334/282/49 329/342/49
f 328/139/49 337/140/49 334/282/49
f 346/180/49 338/139/49 347/147/49
f 338/139/49 348/116/49 347/147/49
f 338/139/49 349/140/49 348/116/49
f 346/180/49 339/145/49 338/139/49
f 346/180/49 342/225/49 339/145/49
f 342/225/49 340/160/49 339/145/49
f 342/225/49 341/179/49 340/160/49
f 346/180/49 343/223/49 342/225/49
f 346/180/49 344/203/49 343/223/49
f 346/180/49 345/204/49 344/203/49
f 350/139/49 352/306/49 351/346/49
f 350/139/49 353/337/49 352/306/49
f 353/337/49 355/347/49 354/282/49
f 353/337/49 356/140/49 355/347/49
f 350/139/49 356/140/49 353/337/49
f 365/180/49 357/139/49 366/147/49
f 357/139/49 367/116/49 366/147/49
f 357/139/49 368/140/49 367/116/49
f 365/180/49 358/145/49 357/139/49
f 365/180/49 361/225/49 358/145/49
f 361/225/49 359/160/49 358/145/49
f 361/225/49 360/179/49 359/160/49
f 365/180/49 362/223/49 361/225/49
f 365/180/49 363/203/49 362/223/49
f 365/180/49 364/204/49 363/203/49
f 476/113/50 477/115/50 478/114/50
f 476/113/50 478/114/50 479/116/50
f 476/113/50 479/116/50 480/117/50
f 475/118/50 476/113/50 480/117/50
f 475/118/50 480/117/50 481/119/50
f 475/118/50 481/119/50 482/120/50
f 474/121/50 475/118/50 482/120/50
f 474/121/50 482/120/50 483/122/50
f 474/121/50 483/122/50 484/123/50
f 473/124/50 474/121/50 484/123/50
f 473/124/50 484/123/50 485/125/50
f 473/124/50 485/125/50 486/126/50
f 472/127/50 473/124/50 486/126/50
f 472/127/50 486/126/50 487/128/50
f 472/127/50 487/128/50 488/129/50
f 471/130/50 472/127/50 488/129/50
f 471/130/50 488/129/50 489/131/50
f 471/130/50 489/131/50 376/132/50
f 376/132/50 489/131/50 375/133/50
f 375/133/50 489/131/50 374/134/50
f 374/134/50 489/131/50 373/135/50
f 373/135/50 489/131/50 372/136/50
f 372/136/50 489/131/50 371/137/50
f 371/137/50 489/131/50 370/138/50
f 370/138/50 489/131/50 369/139/50
f 369/139/50 489/131/50 490/140/50
f 470/141/50 471/130/50 378/142/50
f 378/142/50 471/130/50 377/143/50
f 377/143/50 471/130/50 376/132/50
f 469/144/50 470/141/50 380/145/50
f 380/145/50 470/141/50 379/146/50
f 379/146/50 470/141/50 378/142/50
f 468/147/50 469/144/50 381/148/50
f 381/148/50 469/144/50 380/145/50
f 468/147/50 381/148/50 382/149/50
f 468/147/50 382/149/50 383/150/50
f 468/147/50 383/150/50 384/151/50
f 468/147/50 384/151/50 385/152/50
f 468/147/50 385/152/50 386/153/50
f 467/154/50 468/147/50 386/153/50
f 467/154/50 386/153/50 387/155/50
f 467/154/50 387/155/50 388/156/50
f 467/154/50 388/156/50 389/157/50
f 466/158/50 467/154/50 389/157/50
f 466/158/50 389/157/50 390/159/50
f 466/158/50 390/159/50 391/160/50
f 465/161/50 466/158/50 391/160/50
f 465/161/50 391/160/50 392/162/50
f 465/161/50 392/162/50 393/163/50
f 464/164/50 465/161/50 393/163/50
f 464/164/50 393/163/50 394/165/50
f 464/164/50 394/165/50 395/166/50
f 463/167/50 464/164/50 395/166/50
f 463/167/50 395/166/50 396/168/50
f 462/169/50 463/167/50 396/168/50
f 462/169/50 396/168/50 397/170/50
f 462/169/50 397/170/50 398/171/50
f 461/172/50 462/169/50 398/171/50
f 461/172/50 398/171/50 399/173/50
f 460/174/50 461/172/50 399/173/50
f 460/174/50 399/173/50 400/175/50
f 459/176/50 460/174/50 400/175/50
f 459/176/50 400/175/50 401/177/50
f 458/178/50 459/176/50 401/177/50
f 458/178/50 401/177/50 402/179/50
f 457/180/50 458/178/50 402/179/50
f 456/181/50 457/180/50 402/179/50
f 456/181/50 402/179/50 403/182/50
f 455/183/50 456/181/50 403/182/50
f 454/184/50 455/183/50 403/182/50
f 454/184/50 403/182/50 404/185/50
f 453/186/50 454/184/50 404/185/50
f 428/187/50 429/189/50 430/188/50
f 453/186/50 404/185/50 405/190/50
f 452/191/50 453/186/50 405/190/50
f 428/187/50 430/188/50 431/192/50
f 451/193/50 452/191/50 405/190/50
f 451/193/50 405/190/50 406/194/50
f 428/187/50 431/192/50 432/195/50
f 450/196/50 451/193/50 406/194/50
f 428/187/50 432/195/50 433/197/50
f 449/198/50 450/196/50 406/194/50
f 448/199/50 449/198/50 406/194/50
f 448/199/50 406/194/50 407/200/50
f 428/187/50 433/197/50 434/201/50
f 447/202/50 448/199/50 407/200/50
f 428/187/50 434/201/50 435/203/50
f 446/204/50 447/202/50 407/200/50
f 428/187/50 435/203/50 436/205/50
f 446/204/50 407/200/50 408/206/50
f 445/207/50 446/204/50 408/206/50
f 428/187/50 436/205/50 437/208/50
f 444/209/50 445/207/50 408/206/50
f 428/187/50 437/208/50 438/210/50
f 443/211/50 444/209/50 408/206/50
f 428/187/50 438/210/50 439/212/50
f 442/213/50 443/211/50 408/206/50
f 428/187/50 439/212/50 440/214/50
f 442/213/50 408/206/50 409/215/50
f 441/216/50 442/213/50 409/215/50
f 428/187/50 440/214/50 441/216/50
f 428/187/50 441/216/50 409/215/50
f 428/187/50 409/215/50 410/217/50
f 427/218/50 428/187/50 410/217/50
f 426/219/50 427/218/50 410/217/50
f 426/219/50 410/217/50 411/220/50
f 425/221/50 426/219/50 411/220/50
f 425/221/50 411/220/50 412/222/50
f 424/223/50 425/221/50 412/222/50
f 423/224/50 424/223/50 412/222/50
f 423/224/50 412/222/50 413/225/50
f 422/226/50 423/224/50 413/225/50
f 421/227/50 422/226/50 413/225/50
f 421/227/50 413/225/50 414/228/50
f 420/229/50 421/227/50 414/228/50
f 419/230/50 420/229/50 414/228/50
f 419/230/50 414/228/50 415/231/50
f 418/232/50 419/230/50 415/231/50
f 417/233/50 418/232/50 415/231/50
f 417/233/50 415/231/50 416/234/50
f 555/235/50 556/237/50 583/236/50
f 583/236/50 556/237/50 557/238/50
f 583/236/50 557/238/50 491/139/50
f 583/236/50 491/139/50 492/239/50
f 583/236/50 492/239/50 493/240/50
f 583/236/50 493/240/50 494/241/50
f 583/236/50 494/241/50 495/242/50
f 583/236/50 495/242/50 496/243/50
f 583/236/50 496/243/50 497/244/50
f 583/236/50 497/244/50 582/245/50
f 582/245/50 497/244/50 498/246/50
f 555/235/50 583/236/50 584/140/50
f 581/247/50 582/245/50 498/246/50
f 580/248/50 581/247/50 498/246/50
f 579/249/50 580/248/50 498/246/50
f 579/249/50 498/246/50 499/250/50
f 578/251/50 579/249/50 499/250/50
f 577/252/50 578/251/50 499/250/50
f 576/253/50 577/252/50 499/250/50
f 576/253/50 499/250/50 500/254/50
f 575/255/50 576/253/50 500/254/50
f 574/256/50 575/255/50 500/254/50
f 573/257/50 574/256/50 500/254/50
f 573/257/50 500/254/50 501/258/50
f 572/259/50 573/257/50 501/258/50
f 571/260/50 572/259/50 501/258/50
f 571/260/50 501/258/50 502/261/50
f 570/262/50 571/260/50 502/261/50
f 569/263/50 570/262/50 502/261/50
f 569/263/50 502/261/50 503/264/50
f 568/265/50 569/263/50 503/264/50
f 568/265/50 503/264/50 504/266/50
f 567/267/50 568/265/50 504/266/50
f 566/268/50 567/267/50 504/266/50
f 566/268/50 504/266/50 505/269/50
f 565/270/50 566/268/50 505/269/50
f 565/270/50 505/269/50 506/271/50
f 564/272/50 565/270/50 506/271/50
f 564/272/50 506/271/50 507/273/50
f 563/274/50 564/272/50 507/273/50
f 562/275/50 563/274/50 507/273/50
f 562/275/50 507/273/50 508/276/50
f 561/277/50 562/275/50 508/276/50
f 560/278/50 561/277/50 508/276/50
f 560/278/50 508/276/50 509/279/50
f 559/280/50 560/278/50 509/279/50
f 558/281/50 559/280/50 509/279/50
f 555/235/50 584/140/50 553/282/50
f 553/282/50 584/140/50 558/281/50
f 553/282/50 558/281/50 509/279/50
f 553/282/50 509/279/50 510/283/50
f 553/282/50 510/283/50 511/284/50
f 553/282/50 511/284/50 512/285/50
f 553/282/50 512/285/50 513/286/50
f 553/282/50 513/286/50 514/287/50
f 553/282/50 514/287/50 515/288/50
f 553/282/50 515/288/50 516/289/50
f 553/282/50 516/289/50 552/290/50
f 552/290/50 516/289/50 551/291/50
f 551/291/50 516/289/50 517/292/50
f 555/235/50 553/282/50 554/293/50
f 550/294/50 551/291/50 517/292/50
f 549/295/50 550/294/50 517/292/50
f 548/296/50 549/295/50 517/292/50
f 548/296/50 517/292/50 518/297/50
f 547/298/50 548/296/50 518/297/50
f 546/299/50 547/298/50 518/297/50
f 546/299/50 518/297/50 519/300/50
f 545/301/50 546/299/50 519/300/50
f 545/301/50 519/300/50 520/302/50
f 544/303/50 545/301/50 520/302/50
f 544/303/50 520/302/50 521/304/50
f 543/305/50 544/303/50 521/304/50
f 543/305/50 521/304/50 522/306/50
f 542/307/50 543/305/50 522/306/50
f 542/307/50 522/306/50 523/308/50
f 541/309/50 542/307/50 523/308/50
f 541/309/50 523/308/50 524/310/50
f 541/309/50 524/310/50 525/311/50
f 540/312/50 541/309/50 525/311/50
f 540/312/50 525/311/50 526/313/50
f 539/314/50 540/312/50 526/313/50
f 539/314/50 526/313/50 527/315/50
f 539/314/50 527/315/50 528/316/50
f 539/314/50 528/316/50 529/317/50
f 539/314/50 529/317/50 530/318/50
f 539/314/50 530/318/50 531/319/50
f 539/314/50 531/319/50 532/320/50
f 539/314/50 532/320/50 533/321/50
f 539/314/50 533/321/50 534/322/50
f 539/314/50 534/322/50 535/323/50
f 539/314/50 535/323/50 536/324/50
f 539/314/50 536/324/50 537/325/50
f 539/314/50 537/325/50 538/326/50
f 593/180/50 594/147/50 585/139/50
f 585/139/50 594/147/50 595/116/50
f 585/139/50 595/116/50 596/140/50
f 593/180/50 585/139/50 586/145/50
f 593/180/50 586/145/50 589/225/50
f 589/225/50 586/145/50 587/160/50
f 589/225/50 587/160/50 588/179/50
f 593/180/50 589/225/50 590/223/50
f 593/180/50 590/223/50 591/203/50
f 593/180/50 591/203/50 592/204/50
f 605/327/50 606/329/50 607/328/50
f 605/327/50 607/328/50 603/330/50
f 603/330/50 607/328/50 602/331/50
f 602/331/50 607/328/50 608/332/50
f 608/332/50 609/334/50 610/333/50
f 608/332/50 610/333/50 599/335/50
f 599/335/50 610/333/50 598/336/50
f 598/336/50 610/333/50 611/140/50
f 605/327/50 603/330/50 604/337/50
f 601/338/50 602/331/50 608/332/50
f 608/332/50 599/335/50 600/339/50
f 597/139/50 598/336/50 611/140/50
f 601/338/50 608/332/50 600/339/50
f 612/139/50 613/306/50 614/282/50
f 612/139/50 614/282/50 615/140/50
f 620/327/50 621/328/50 622/334/50
f 620/327/50 622/334/50 623/140/50
f 619/330/49 620/327/49 623/140/49
f 618/338/50 619/330/50 616/139/50
f 616/139/49 619/330/49 623/140/49
f 618/338/50 616/139/50 617/335/50
f 628/327/50 629/328/50 630/334/50
f 628/327/50 630/334/50 631/140/50
f 627/330/49 628/327/49 631/140/49
f 626/338/50 627/330/50 624/139/50
f 624/139/49 627/330/49 631/140/49
f 626/338/50 624/139/50 625/335/50
f 635/306/50 636/341/50 637/340/50
f 635/306/50 637/340/50 633/342/50
f 633/342/50 637/340/50 638/282/50
f 638/282/50 639/344/50 640/343/50
f 638/282/50 640/343/50 641/140/50
f 635/306/50 633/342/50 634/345/50
f 632/139/50 633/342/50 638/282/50
f 632/139/50 638/282/50 641/140/50
f 650/180/50 651/147/50 642/139/50
f 642/139/50 651/147/50 652/116/50
f 642/139/50 652/116/50 653/140/50
f 650/180/50 642/139/50 643/145/50
f 650/180/50 643/145/50 646/225/50
f 646/225/50 643/145/50 644/160/50
f 646/225/50 644/160/50 645/179/50
f 650/180/50 646/225/50 647/223/50
f 650/180/50 647/223/50 648/203/50
f 650/180/50 648/203/50 649/204/50
f 654/139/50 655/346/50 656/306/50
f 654/139/50 656/306/50 657/337/50
f 657/337/50 658/282/50 659/347/50
f 657/337/50 659/347/50 660/140/50
f 654/139/50 657/337/50 660/140/50
f 669/180/50 670/147/50 661/139/50
f 661/139/50 670/147/50 671/116/50
f 661/139/50 671/116/50 672/140/50
f 669/180/50 661/139/50 662/145/50
f 669/180/50 662/145/50 665/225/50
f 665/225/50 662/145/50 663/160/50
f 665/225/50 663/160/50 664/179/50
f 669/180/50 665/225/50 666/223/50
f 669/180/50 666/223/50 667/203/50
f 669/180/50 667/203/50 668/204/50
s 1
f 676/348/51 673/139/52 674/349/52
f 678/350/51 675/351/51 676/348/51
f 680/352/52 677/346/51 678/350/51
f 682/353/52 679/354/52 680/352/52
f 684/355/51 681/306/52 682/353/52
f 686/356/51 683/357/51 684/355/51
f 688/358/52 685/337/51 686/356/51
f 690/359/53 687/360/52 688/358/52
f 692/361/54 689/282/53 690/359/53
f 694/362/51 691/363/54 692/361/54
f 696/364/52 693/347/51 694/362/51
f 674/365/52 695/366/52 696/364/52
f 700/367/55 697/139/56 698/349/56
f 702/368/57 699/335/55 700/367/55
f 704/369/58 701/338/57 702/368/57
f 706/370/59 703/330/58 704/369/58
f 708/371/60 705/327/61 706/370/59
f 710/372/62 707/328/60 708/371/60
f 698/365/56 709/334/62 710/372/62
f 714/348/51 711/139/52 712/349/52
f 716/350/51 713/351/51 714/348/51
f 718/352/52 715/346/51 716/350/51
f 720/353/52 717/354/52 718/352/52
f 722/355/51 719/306/52 720/353/52
f 724/356/51 721/357/51 722/355/51
f 726/358/52 723/337/51 724/356/51
f 728/359/53 725/360/52 726/358/52
f 730/361/54 727/282/53 728/359/53
f 732/362/51 729/363/54 730/361/54
f 734/364/52 731/347/51 732/362/51
f 712/365/52 733/366/52 734/364/52
f 738/373/63 735/139/64 736/349/64
f 740/374/52 737/375/65 738/373/63
f 742/376/53 739/377/52 740/374/52
f 744/378/54 741/379/53 742/376/53
f 746/356/66 743/380/54 744/378/54
f 748/381/67 745/337/66 746/356/66
f 750/382/54 747/383/67 748/381/67
f 752/384/51 749/385/54 750/382/54
f 754/386/52 751/387/51 752/384/51
f 736/365/64 753/388/52 754/386/52
f 758/389/52 755/139/52 756/349/52
f 760/352/53 757/390/52 758/389/52
f 762/391/53 759/354/53 760/352/53
f 764/356/53 761/392/53 762/391/53
f 766/393/54 763/337/53 764/356/53
f 768/361/51 765/394/54 766/393/54
f 770/395/52 767/363/51 768/361/51
f 756/365/52 769/396/52 770/395/52
f 774/389/52 771/139/52 772/349/52
f 776/352/53 773/390/52 774/389/52
f 778/391/53 775/354/53 776/352/53
f 780/356/53 777/392/53 778/391/53
f 782/393/54 779/337/53 780/356/53
f 784/361/51 781/394/54 782/393/54
f 786/395/52 783/363/51 784/361/51
f 772/365/52 785/396/52 786/395/52
f 790/352/54 787/139/53 788/349/53
f 792/356/51 789/354/54 790/352/54
f 794/361/52 791/337/51 792/356/51
f 788/365/53 793/363/52 794/361/52
f 798/397/53 795/139/53 796/349/53
f 800/398/68 797/399/53 798/397/53
f 802/374/68 799/400/68 800/398/68
f 804/401/69 801/377/70 802/374/68
f 806/353/71 803/402/71 804/401/69
f 808/378/52 805/306/71 806/353/71
f 810/403/52 807/380/52 808/378/52
f 812/404/53 809/405/52 810/403/52
f 814/381/54 811/406/53 812/404/53
f 816/359/72 813/383/54 814/381/54
f 818/407/73 815/282/72 816/359/72
f 820/384/74 817/408/73 818/407/73
f 822/409/51 819/387/74 820/384/74
f 824/410/52 821/411/51 822/409/51
f 796/365/53 823/412/52 824/410/52
f 828/348/51 825/139/52 826/349/52
f 830/350/51 827/351/51 828/348/51
f 832/352/52 829/346/51 830/350/51
f 834/353/52 831/354/52 832/352/52
f 836/355/51 833/306/52 834/353/52
f 838/356/51 835/357/51 836/355/51
f 840/358/52 837/337/51 838/356/51
f 842/359/53 839/360/52 840/358/52
f 844/361/54 841/282/53 842/359/53
f 846/362/51 843/363/54 844/361/54
f 848/364/52 845/347/51 846/362/51
f 826/365/52 847/366/52 848/364/52
f 852/413/75 849/139/76 850/349/76
f 854/414/77 851/415/75 852/413/75
f 856/416/78 853/417/77 854/414/77
f 858/418/79 855/419/78 856/416/78
f 860/420/80 857/421/79 858/418/79
f 862/422/81 859/423/80 860/420/80
f 864/424/82 861/425/81 862/422/81
f 866/426/83 863/427/82 864/424/82
f 868/428/84 865/429/83 866/426/83
f 870/430/85 867/431/84 868/428/84
f 872/432/86 869/433/85 870/430/85
f 874/434/87 871/435/86 872/432/86
f 876/436/88 873/437/87 874/434/87
f 878/438/89 875/439/88 876/436/88
f 880/440/90 877/441/89 878/438/89
f 882/442/91 879/443/90 880/440/90
f 884/444/92 881/445/91 882/442/91
f 886/446/93 883/447/94 884/444/92
f 888/448/95 885/449/93 886/446/93
f 890/450/96 887/451/95 888/448/95
f 892/452/97 889/453/96 890/450/96
f 894/454/98 891/455/97 892/452/97
f 896/456/99 893/457/100 894/454/98
f 898/458/101 895/459/102 896/456/99
f 900/460/103 897/461/101 898/458/101
f 902/462/104 899/463/103 900/460/103
f 904/464/105 901/465/104 902/462/104
f 906/466/106 903/467/105 904/464/105
f 908/468/107 905/469/106 906/466/106
f 910/470/108 907/471/107 908/468/107
f 912/472/109 909/473/108 910/470/108
f 914/474/110 911/475/109 912/472/109
f 916/476/111 913/477/110 914/474/110
f 918/478/112 915/479/111 916/476/111
f 920/480/113 917/481/112 918/478/112
f 922/482/114 919/483/113 920/480/113
f 924/484/115 921/485/114 922/482/114
f 926/486/116 923/487/115 924/484/115
f 928/488/117 925/489/116 926/486/116
f 930/490/118 927/491/117 928/488/117
f 932/492/119 929/493/118 930/490/118
f 934/494/120 931/495/119 932/492/119
f 936/496/121 933/497/120 934/494/120
f 938/498/122 935/499/121 936/496/121
f 940/500/123 937/501/122 938/498/122
f 942/502/124 939/503/123 940/500/123
f 944/504/125 941/505/124 942/502/124
f 946/506/126 943/507/127 944/504/125
f 948/508/128 945/509/126 946/506/126
f 950/510/129 947/511/128 948/508/128
f 952/512/130 949/513/129 950/510/129
f 954/514/131 951/515/130 952/512/130
f 956/516/132 953/517/131 954/514/131
f 958/518/133 955/519/132 956/516/132
f 960/520/134 957/521/133 958/518/133
f 962/522/135 959/523/134 960/520/134
f 964/524/136 961/525/137 962/522/135
f 966/526/138 963/527/136 964/524/136
f 968/528/139 965/529/140 966/526/138
f 970/530/141 967/531/139 968/528/139
f 972/532/142 969/533/141 970/530/141
f 974/534/52 971/535/142 972/532/142
f 976/536/52 973/537/52 974/534/52
f 978/538/53 975/539/52 976/536/52
f 980/540/54 977/541/53 978/538/53
f 982/542/143 979/543/54 980/540/54
f 850/365/76 981/544/143 982/542/143
f 986/545/144 983/139/145 984/349/145
f 988/546/146 985/547/144 986/545/144
f 990/548/147 987/549/146 988/546/146
f 992/550/148 989/342/149 990/548/147
f 994/551/150 991/552/148 992/550/148
f 996/553/151 993/554/150 994/551/150
f 998/555/152 995/345/151 996/553/151
f 1000/556/153 997/557/152 998/555/152
f 1002/353/154 999/558/153 1000/556/153
f 1004/559/155 1001/306/154 1002/353/154
f 1006/560/156 1003/561/155 1004/559/155
f 1008/562/157 1005/563/156 1006/560/156
f 1010/564/158 1007/341/157 1008/562/157
f 1012/565/159 1009/566/158 1010/564/158
f 1014/567/160 1011/568/159 1012/565/159
f 1016/569/161 1013/340/160 1014/567/160
f 1018/570/162 1015/571/161 1016/569/161
f 1020/359/163 1017/572/162 1018/570/162
f 1022/573/164 1019/282/163 1020/359/163
f 1024/574/165 1021/575/164 1022/573/164
f 1026/576/166 1023/577/165 1024/574/165
f 1028/578/167 1025/344/166 1026/576/166
f 1030/579/168 1027/580/167 1028/578/167
f 1032/581/169 1029/582/168 1030/579/168
f 1034/583/52 1031/343/169 1032/581/169
f 1036/584/51 1033/585/52 1034/583/52
f 984/365/145 1035/586/51 1036/584/51
f 1040/587/170 1037/139/171 1038/349/172
f 1042/588/173 1039/589/170 1040/587/170
f 1044/590/174 1041/591/173 1042/588/173
f 1046/592/71 1043/593/175 1044/590/174
f 1048/594/176 1045/595/71 1046/592/71
f 1050/596/177 1047/597/176 1048/594/176
f 1052/598/178 1049/599/177 1050/596/177
f 1054/600/179 1051/601/178 1052/598/178
f 1056/602/180 1053/603/179 1054/600/179
f 1058/604/181 1055/605/180 1056/602/180
f 1060/606/182 1057/607/181 1058/604/181
f 1062/608/183 1059/609/182 1060/606/182
f 1064/610/184 1061/611/183 1062/608/183
f 1066/612/185 1063/613/184 1064/610/184
f 1068/614/186 1065/615/185 1066/612/185
f 1070/616/187 1067/617/186 1068/614/186
f 1072/618/188 1069/619/187 1070/616/187
f 1074/620/189 1071/621/188 1072/618/188
f 1076/622/190 1073/623/189 1074/620/189
f 1078/624/191 1075/625/190 1076/622/190
f 1080/626/192 1077/627/191 1078/624/191
f 1082/628/193 1079/629/192 1080/626/192
f 1084/630/194 1081/631/193 1082/628/193
f 1086/632/195 1083/633/194 1084/630/194
f 1088/634/196 1085/635/195 1086/632/195
f 1090/636/197 1087/637/198 1088/634/196
f 1092/638/199 1089/639/197 1090/636/197
f 1094/640/200 1091/641/199 1092/638/199
f 1096/642/201 1093/643/200 1094/640/200
f 1098/644/202 1095/645/201 1096/642/201
f 1100/646/203 1097/647/202 1098/644/202
f 1102/648/204 1099/649/205 1100/646/203
f 1104/650/206 1101/651/204 1102/648/204
f 1106/652/207 1103/653/206 1104/650/206
f 1108/654/208 1105/655/207 1106/652/207
f 1110/656/209 1107/657/208 1108/654/208
f 1112/658/210 1109/659/209 1110/656/209
f 1114/660/211 1111/661/210 1112/658/210
f 1116/662/212 1113/663/211 1114/660/211
f 1118/664/213 1115/665/212 1116/662/212
f 1120/666/214 1117/667/213 1118/664/213
f 1122/668/215 1119/669/214 1120/666/214
f 1124/670/216 1121/671/215 1122/668/215
f 1126/672/217 1123/673/216 1124/670/216
f 1128/674/218 1125/675/217 1126/672/217
f 1130/676/219 1127/677/218 1128/674/218
f 1132/678/220 1129/679/219 1130/676/219
f 1134/680/221 1131/681/220 1132/678/220
f 1136/682/222 1133/683/221 1134/680/221
f 1138/684/223 1135/685/222 1136/682/222
f 1140/686/224 1137/687/223 1138/684/223
f 1142/688/225 1139/689/224 1140/686/224
f 1144/690/226 1141/691/225 1142/688/225
f 1146/692/227 1143/693/226 1144/690/226
f 1148/694/228 1145/695/227 1146/692/227
f 1150/696/229 1147/697/228 1148/694/228
f 1152/698/230 1149/699/229 1150/696/229
f 1154/700/231 1151/701/230 1152/698/230
f 1156/702/232 1153/703/231 1154/700/231
f 1158/704/233 1155/705/232 1156/702/232
f 1160/356/234 1157/706/235 1158/704/233
f 1162/707/236 1159/337/234 1160/356/234
f 1164/708/237 1161/709/236 1162/707/236
f 1166/710/238 1163/711/237 1164/708/237
f 1168/712/239 1165/713/238 1166/710/238
f 1170/714/240 1167/715/239 1168/712/239
f 1172/716/241 1169/717/240 1170/714/240
f 1174/718/242 1171/719/241 1172/716/241
f 1176/720/243 1173/721/242 1174/718/242
f 1178/722/244 1175/723/243 1176/720/243
f 1180/724/245 1177/725/244 1178/722/244
f 1182/726/246 1179/727/245 1180/724/245
f 1184/728/247 1181/729/246 1182/726/246
f 1186/730/248 1183/731/247 1184/728/247
f 1188/732/249 1185/733/248 1186/730/248
f 1190/734/250 1187/735/251 1188/732/249
f 1192/736/252 1189/737/250 1190/734/250
f 1194/738/253 1191/739/252 1192/736/252
f 1196/740/254 1193/741/253 1194/738/253
f 1198/742/255 1195/743/254 1196/740/254
f 1200/744/256 1197/745/255 1198/742/255
f 1202/746/257 1199/747/256 1200/744/256
f 1204/748/258 1201/749/257 1202/746/257
f 1206/750/259 1203/751/258 1204/748/258
f 1208/752/260 1205/753/259 1206/750/259
f 1210/754/261 1207/755/260 1208/752/260
f 1212/756/262 1209/757/261 1210/754/261
f 1214/758/263 1211/759/262 1212/756/262
f 1216/760/264 1213/761/263 1214/758/263
f 1218/762/265 1215/763/264 1216/760/264
f 1220/764/266 1217/765/265 1218/762/265
f 1222/766/267 1219/767/266 1220/764/266
f 1224/768/268 1221/769/267 1222/766/267
f 1226/770/269 1223/771/268 1224/768/268
f 1228/772/270 1225/773/269 1226/770/269
f 1230/774/271 1227/775/270 1228/772/270
f 1232/776/272 1229/777/271 1230/774/271
f 1234/778/273 1231/779/272 1232/776/272
f 1236/780/274 1233/781/273 1234/778/273
f 1238/782/275 1235/783/274 1236/780/274
f 1240/784/276 1237/785/275 1238/782/275
f 1242/786/277 1239/787/276 1240/784/276
f 1244/788/278 1241/789/279 1242/786/277
f 1246/790/280 1243/791/278 1244/788/278
f 1248/792/281 1245/793/280 1246/790/280
f 1250/794/282 1247/795/281 1248/792/281
f 1252/796/283 1249/797/282 1250/794/282
f 1254/798/284 1251/799/283 1252/796/283
f 1256/800/285 1253/801/284 1254/798/284
f 1258/802/286 1255/803/285 1256/800/285
f 1260/804/287 1257/805/286 1258/802/286
f 1262/806/288 1259/807/287 1260/804/287
f 1264/808/289 1261/809/288 1262/806/288
f 1266/810/290 1263/811/289 1264/808/289
f 1268/812/291 1265/813/290 1266/810/290
f 1270/814/292 1267/815/291 1268/812/291
f 1272/816/293 1269/817/292 1270/814/292
f 1274/818/294 1271/819/293 1272/816/293
f 1276/820/295 1273/821/294 1274/818/294
f 1278/822/296 1275/823/295 1276/820/295
f 1280/824/297 1277/825/298 1278/822/296
f 1038/365/172 1279/826/299 1280/824/297
f 676/348/51 675/351/51 673/139/52
f 678/350/51 677/346/51 675/351/51
f 680/352/52 679/354/52 677/346/51
f 682/353/52 681/306/52 679/354/52
f 684/355/51 683/357/51 681/306/52
f 686/356/51 685/337/51 683/357/51
f 688/358/52 687/360/52 685/337/51
f 690/359/53 689/282/53 687/360/52
f 692/361/54 691/363/54 689/282/53
f 694/362/51 693/347/51 691/363/54
f 696/364/52 695/366/52 693/347/51
f 674/365/52 673/140/52 695/366/52
f 700/367/55 699/335/55 697/139/56
f 702/368/57 701/338/57 699/335/55
f 704/369/58 703/330/58 701/338/57
f 706/370/59 705/327/61 703/330/58
f 708/371/60 707/328/60 705/327/61
f 710/372/62 709/334/62 707/328/60
f 698/365/56 697/140/56 709/334/62
f 714/348/51 713/351/51 711/139/52
f 716/350/51 715/346/51 713/351/51
f 718/352/52 717/354/52 715/346/51
f 720/353/52 719/306/52 717/354/52
f 722/355/51 721/357/51 719/306/52
f 724/356/51 723/337/51 721/357/51
f 726/358/52 725/360/52 723/337/51
f 728/359/53 727/282/53 725/360/52
f 730/361/54 729/363/54 727/282/53
f 732/362/51 731/347/51 729/363/54
f 734/364/52 733/366/52 731/347/51
f 712/365/52 711/140/52 733/366/52
f 738/373/63 737/375/65 735/139/64
f 740/374/52 739/377/52 737/375/65
f 742/376/53 741/379/53 739/377/52
f 744/378/54 743/380/54 741/379/53
f 746/356/66 745/337/66 743/380/54
f 748/381/67 747/383/67 745/337/66
f 750/382/54 749/385/54 747/383/67
f 752/384/51 751/387/51 749/385/54
f 754/386/52 753/388/52 751/387/51
f 736/365/64 735/140/64 753/388/52
f 758/389/52 757/390/52 755/139/52
f 760/352/53 759/354/53 757/390/52
f 762/391/53 761/392/53 759/354/53
f 764/356/53 763/337/53 761/392/53
f 766/393/54 765/394/54 763/337/53
f 768/361/51 767/363/51 765/394/54
f 770/395/52 769/396/52 767/363/51
f 756/365/52 755/140/52 769/396/52
f 774/389/52 773/390/52 771/139/52
f 776/352/53 775/354/53 773/390/52
f 778/391/53 777/392/53 775/354/53
f 780/356/53 779/337/53 777/392/53
f 782/393/54 781/394/54 779/337/53
f 784/361/51 783/363/51 781/394/54
f 786/395/52 785/396/52 783/363/51
f 772/365/52 771/140/52 785/396/52
f 790/352/54 789/354/54 787/139/53
f 792/356/51 791/337/51 789/354/54
f 794/361/52 793/363/52 791/337/51
f 788/365/53 787/140/53 793/363/52
f 798/397/53 797/399/53 795/139/53
f 800/398/68 799/400/68 797/399/53
f 802/374/68 801/377/70 799/400/68
f 804/401/69 803/402/71 801/377/70
f 806/353/71 805/306/71 803/402/71
f 808/378/52 807/380/52 805/306/71
f 810/403/52 809/405/52 807/380/52
f 812/404/53 811/406/53 809/405/52
f 814/381/54 813/383/54 811/406/53
f 816/359/72 815/282/72 813/383/54
f 818/407/73 817/408/73 815/282/72
f 820/384/74 819/387/74 817/408/73
f 822/409/51 821/411/51 819/387/74
f 824/410/52 823/412/52 821/411/51
f 796/365/53 795/140/53 823/412/52
f 828/348/51 827/351/51 825/139/52
f 830/350/51 829/346/51 827/351/51
f 832/352/52 831/354/52 829/346/51
f 834/353/52 833/306/52 831/354/52
f 836/355/51 835/357/51 833/306/52
f 838/356/51 837/337/51 835/357/51
f 840/358/52 839/360/52 837/337/51
f 842/359/53 841/282/53 839/360/52
f 844/361/54 843/363/54 841/282/53
f 846/362/51 845/347/51 843/363/54
f 848/364/52 847/366/52 845/347/51
f 826/365/52 825/140/52 847/366/52
f 852/413/75 851/415/75 849/139/76
f 854/414/77 853/417/77 851/415/75
f 856/416/78 855/419/78 853/417/77
f 858/418/79 857/421/79 855/419/78
f 860/420/80 859/423/80 857/421/79
f 862/422/81 861/425/81 859/423/80
f 864/424/82 863/427/82 861/425/81
f 866/426/83 865/429/83 863/427/82
f 868/428/84 867/431/84 865/429/83
f 870/430/85 869/433/85 867/431/84
f 872/432/86 871/435/86 869/433/85
f 874/434/87 873/437/87 871/435/86
f 876/436/88 875/439/88 873/437/87
f 878/438/89 877/441/89 875/439/88
f 880/440/90 879/443/90 877/441/89
f 882/442/91 881/445/91 879/443/90
f 884/444/92 883/447/94 881/445/91
f 886/446/93 885/449/93 883/447/94
f 888/448/95 887/451/95 885/449/93
f 890/450/96 889/453/96 887/451/95
f 892/452/97 891/455/97 889/453/96
f 894/454/98 893/457/100 891/455/97
f 896/456/99 895/459/102 893/457/100
f 898/458/101 897/461/101 895/459/102
f 900/460/103 899/463/103 897/461/101
f 902/462/104 901/465/104 899/463/103
f 904/464/105 903/467/105 901/465/104
f 906/466/106 905/469/106 903/467/105
f 908/468/107 907/471/107 905/469/106
f 910/470/108 909/473/108 907/471/107
f 912/472/109 911/475/109 909/473/108
f 914/474/110 913/477/110 911/475/109
f 916/476/111 915/479/111 913/477/110
f 918/478/112 917/481/112 915/479/111
f 920/480/113 919/483/113 917/481/112
f 922/482/114 921/485/114 919/483/113
f 924/484/115 923/487/115 921/485/114
f 926/486/116 925/489/116 923/487/115
f 928/488/117 927/491/117 925/489/116
f 930/490/118 929/493/118 927/491/117
f 932/492/119 931/495/119 929/493/118
f 934/494/120 933/497/120 931/495/119
f 936/496/121 935/499/121 933/497/120
f 938/498/122 937/501/122 935/499/121
f 940/500/123 939/503/123 937/501/122
f 942/502/124 941/505/124 939/503/123
f 944/504/125 943/507/127 941/505/124
f 946/506/126 945/509/126 943/507/127
f 948/508/128 947/511/128 945/509/126
f 950/510/129 949/513/129 947/511/128
f 952/512/130 951/515/130 949/513/129
f 954/514/131 953/517/131 951/515/130
f 956/516/132 955/519/132 953/517/131
f 958/518/133 957/521/133 955/519/132
f 960/520/134 959/523/134 957/521/133
f 962/522/135 961/525/137 959/523/134
f 964/524/136 963/527/136 961/525/137
f 966/526/138 965/529/140 963/527/136
f 968/528/139 967/531/139 965/529/140
f 970/530/141 969/533/141 967/531/139
f 972/532/142 971/535/142 969/533/141
f 974/534/52 973/537/52 971/535/142
f 976/536/52 975/539/52 973/537/52
f 978/538/53 977/541/53 975/539/52
f 980/540/54 979/543/54 977/541/53
f 982/542/143 981/544/143 979/543/54
f 850/365/76 849/140/76 981/544/143
f 986/545/144 985/547/144 983/139/145
f 988/546/146 987/549/146 985/547/144
f 990/548/147 989/342/149 987/549/146
f 992/550/148 991/552/148 989/342/149
f 994/551/150 993/554/150 991/552/148
f 996/553/151 995/345/151 993/554/150
f 998/555/152 997/557/152 995/345/151
f 1000/556/153 999/558/153 997/557/152
f 1002/353/154 1001/306/154 999/558/153
f 1004/559/155 1003/561/155 1001/306/154
f 1006/560/156 1005/563/156 1003/561/155
f 1008/562/157 1007/341/157 1005/563/156
f 1010/564/158 1009/566/158 1007/341/157
f 1012/565/159 1011/568/159 1009/566/158
f 1014/567/160 1013/340/160 1011/568/159
f 1016/569/161 1015/571/161 1013/340/160
f 1018/570/162 1017/572/162 1015/571/161
f 1020/359/163 1019/282/163 1017/572/162
f 1022/573/164 1021/575/164 1019/282/163
f 1024/574/165 1023/577/165 1021/575/164
f 1026/576/166 1025/344/166 1023/577/165
f 1028/578/167 1027/580/167 1025/344/166
f 1030/579/168 1029/582/168 1027/580/167
f 1032/581/169 1031/343/169 1029/582/168
f 1034/583/52 1033/585/52 1031/343/169
f 1036/584/51 1035/586/51 1033/585/52
f 984/365/145 983/140/145 1035/586/51
f 1040/587/170 1039/589/170 1037/139/171
f 1042/588/173 1041/591/173 1039/589/170
f 1044/590/174 1043/593/175 1041/591/173
f 1046/592/71 1045/595/71 1043/593/175
f 1048/594/176 1047/597/176 1045/595/71
f 1050/596/177 1049/599/177 1047/597/176
f 1052/598/178 1051/601/178 1049/599/177
f 1054/600/179 1053/603/179 1051/601/178
f 1056/602/180 1055/605/180 1053/603/179
f 1058/604/181 1057/607/181 1055/605/180
f 1060/606/182 1059/609/182 1057/607/181
f 1062/608/183 1061/611/183 1059/609/182
f 1064/610/184 1063/613/184 1061/611/183
f 1066/612/185 1065/615/185 1063/613/184
f 1068/614/186 1067/617/186 1065/615/185
f 1070/616/187 1069/619/187 1067/617/186
f 1072/618/188 1071/621/188 1069/619/187
f 1074/620/189 1073/623/189 1071/621/188
f 1076/622/190 1075/625/190 1073/623/189
f 1078/624/191 1077/627/191 1075/625/190
f 1080/626/192 1079/629/192 1077/627/191
f 1082/628/193 1081/631/193 1079/629/192
f 1084/630/194 1083/633/194 1081/631/193
f 1086/632/195 1085/635/195 1083/633/194
f 1088/634/196 1087/637/198 1085/635/195
f 1090/636/197 1089/639/197 1087/637/198
f 1092/638/199 1091/641/199 1089/639/197
f 1094/640/200 1093/643/200 1091/641/199
f 1096/642/201 1095/645/201 1093/643/200
f 1098/644/202 1097/647/202 1095/645/201
f 1100/646/203 1099/649/205 1097/647/202
f 1102/648/204 1101/651/204 1099/649/205
f 1104/650/206 1103/653/206 1101/651/204
f 1106/652/207 1105/655/207 1103/653/206
f 1108/654/208 1107/657/208 1105/655/207
f 1110/656/209 1109/659/209 1107/657/208
f 1112/658/210 1111/661/210 1109/659/209
f 1114/660/211 1113/663/211 1111/661/210
f 1116/662/212 1115/665/212 1113/663/211
f 1118/664/213 1117/667/213 1115/665/212
f 1120/666/214 1119/669/214 1117/667/213
f 1122/668/215 1121/671/215 1119/669/214
f 1124/670/216 1123/673/216 1121/671/215
f 1126/672/217 1125/675/217 1123/673/216
f 1128/674/218 1127/677/218 1125/675/217
f 1130/676/219 1129/679/219 1127/677/218
f 1132/678/220 1131/681/220 1129/679/219
f 1134/680/221 1133/683/221 1131/681/220
f 1136/682/222 1135/685/222 1133/683/221
f 1138/684/223 1137/687/223 1135/685/222
f 1140/686/224 1139/689/224 1137/687/223
f 1142/688/225 1141/691/225 1139/689/224
f 1144/690/226 1143/693/226 1141/691/225
f 1146/692/227 1145/695/227 1143/693/226
f 1148/694/228 1147/697/228 1145/695/227
f 1150/696/229 1149/699/229 1147/697/228
f 1152/698/230 1151/701/230 1149/699/229
f 1154/700/231 1153/703/231 1151/701/230
f 1156/702/232 1155/705/232 1153/703/231
f 1158/704/233 1157/706/235 1155/705/232
f 1160/356/234 1159/337/234 1157/706/235
f 1162/707/236 1161/709/236 1159/337/234
f 1164/708/237 1163/711/237 1161/709/236
f 1166/710/238 1165/713/238 1163/711/237
f 1168/712/239 1167/715/239 1165/713/238
f 1170/714/240 1169/717/240 1167/715/239
f 1172/716/241 1171/719/241 1169/717/240
f 1174/718/242 1173/721/242 1171/719/241
f 1176/720/243 1175/723/243 1173/721/242
f 1178/722/244 1177/725/244 1175/723/243
f 1180/724/245 1179/727/245 1177/725/244
f 1182/726/246 1181/729/246 1179/727/245
f 1184/728/247 1183/731/247 1181/729/246
f 1186/730/248 1185/733/248 1183/731/247
f 1188/732/249 1187/735/251 1185/733/248
f 1190/734/250 1189/737/250 1187/735/251
f 1192/736/252 1191/739/252 1189/737/250
f 1194/738/253 1193/741/253 1191/739/252
f 1196/740/254 1195/743/254 1193/741/253
f 1198/742/255 1197/745/255 1195/743/254
f 1200/744/256 1199/747/256 1197/745/255
f 1202/746/257 1201/749/257 1199/747/256
f 1204/748/258 1203/751/258 1201/749/257
f 1206/750/259 1205/753/259 1203/751/258
f 1208/752/260 1207/755/260 1205/753/259
f 1210/754/261 1209/757/261 1207/755/260
f 1212/756/262 1211/759/262 1209/757/261
f 1214/758/263 1213/761/263 1211/759/262
f 1216/760/264 1215/763/264 1213/761/263
f 1218/762/265 1217/765/265 1215/763/264
f 1220/764/266 1219/767/266 1217/765/265
f 1222/766/267 1221/769/267 1219/767/266
f 1224/768/268 1223/771/268 1221/769/267
f 1226/770/269 1225/773/269 1223/771/268
f 1228/772/270 1227/775/270 1225/773/269
f 1230/774/271 1229/777/271 1227/775/270
f 1232/776/272 1231/779/272 1229/777/271
f 1234/778/273 1233/781/273 1231/779/272
f 1236/780/274 1235/783/274 1233/781/273
f 1238/782/275 1237/785/275 1235/783/274
f 1240/784/276 1239/787/276 1237/785/275
f 1242/786/277 1241/789/279 1239/787/276
f 1244/788/278 1243/791/278 1241/789/279
f 1246/790/280 1245/793/280 1243/791/278
f 1248/792/281 1247/795/281 1245/793/280
f 1250/794/282 1249/797/282 1247/795/281
f 1252/796/283 1251/799/283 1249/797/282
f 1254/798/284 1253/801/284 1251/799/283
f 1256/800/285 1255/803/285 1253/801/284
f 1258/802/286 1257/805/286 1255/803/285
f 1260/804/287 1259/807/287 1257/805/286
f 1262/806/288 1261/809/288 1259/807/287
f 1264/808/289 1263/811/289 1261/809/288
f 1266/810/290 1265/813/290 1263/811/289
f 1268/812/291 1267/815/291 1265/813/290
f 1270/814/292 1269/817/292 1267/815/291
f 1272/816/293 1271/819/293 1269/817/292
f 1274/818/294 1273/821/294 1271/819/293
f 1276/820/295 1275/823/295 1273/821/294
f 1278/822/296 1277/825/298 1275/823/295
f 1280/824/297 1279/826/299 1277/825/298
f 1038/365/172 1037/140/171 1279/826/299
o Rune_L_0.8
v -2.600000 0.600000 -0.385000
v -2.600000 1.000000 -0.385000
v -2.600000 0.600000 -0.435000
v -2.600000 1.000000 -0.435000
v -2.400000 0.600000 -0.385000
v -2.400000 1.000000 -0.385000
v -2.400000 0.600000 -0.435000
v -2.400000 1.000000 -0.435000
vn -1.0000 -0.0000 -0.0000
vn -0.0000 -0.0000 -1.0000
vn 1.0000 -0.0000 -0.0000
vn -0.0000 -0.0000 1.0000
vn -0.0000 -1.0000 -0.0000
vn -0.0000 1.0000 -0.0000
vt 0.625000 0.000000
vt 0.375000 0.250000
vt 0.375000 0.000000
vt 0.625000 0.250000
vt 0.375000 0.500000
vt 0.625000 0.500000
vt 0.375000 0.750000
vt 0.625000 0.750000
vt 0.375000 1.000000
vt 0.125000 0.750000
vt 0.125000 0.500000
vt 0.875000 0.500000
vt 0.625000 1.000000
vt 0.875000 0.750000
s 0
usemtl BlueGlow
f 1282/827/300 1283/828/300 1281/829/300
f 1284/830/301 1287/831/301 1283/828/301
f 1288/832/302 1285/833/302 1287/831/302
f 1286/834/303 1281/835/303 1285/833/303
f 1287/831/304 1281/836/304 1283/837/304
f 1284/838/305 1286/834/305 1288/832/305
f 1282/827/300 1284/830/300 1283/828/300
f 1284/830/301 1288/832/301 1287/831/301
f 1288/832/302 1286/834/302 1285/833/302
f 1286/834/303 1282/839/303 1281/835/303
f 1287/831/304 1285/833/304 1281/836/304
f 1284/838/305 1282/840/305 1286/834/305
o Rune_R_0.8
v 2.400000 0.600000 -0.385000
v 2.400000 1.000000 -0.385000
v 2.400000 0.600000 -0.435000
v 2.400000 1.000000 -0.435000
v 2.600000 0.600000 -0.385000
v 2.600000 1.000000 -0.385000
v 2.600000 0.600000 -0.435000
v 2.600000 1.000000 -0.435000
vn -1.0000 -0.0000 -0.0000
vn -0.0000 -0.0000 -1.0000
vn 1.0000 -0.0000 -0.0000
vn -0.0000 -0.0000 1.0000
vn -0.0000 -1.0000 -0.0000
vn -0.0000 1.0000 -0.0000
vt 0.625000 0.000000
vt 0.375000 0.250000
vt 0.375000 0.000000
vt 0.625000 0.250000
vt 0.375000 0.500000
vt 0.625000 0.500000
vt 0.375000 0.750000
vt 0.625000 0.750000
vt 0.375000 1.000000
vt 0.125000 0.750000
vt 0.125000 0.500000
vt 0.875000 0.500000
vt 0.625000 1.000000
vt 0.875000 0.750000
s 0
usemtl BlueGlow
f 1290/841/306 1291/842/306 1289/843/306
f 1292/844/307 1295/845/307 1291/842/307
f 1296/846/308 1293/847/308 1295/845/308
f 1294/848/309 1289/849/309 1293/847/309
f 1295/845/310 1289/850/310 1291/851/310
f 1292/852/311 1294/848/311 1296/846/311
f 1290/841/306 1292/844/306 1291/842/306
f 1292/844/307 1296/846/307 1295/845/307
f 1296/846/308 1294/848/308 1293/847/308
f 1294/848/309 1290/853/309 1289/849/309
f 1295/845/310 1293/847/310 1289/850/310
f 1292/852/311 1290/854/311 1294/848/311
o Rune_L_1.6
v -2.600000 1.400000 -0.385000
v -2.600000 1.800000 -0.385000
v -2.600000 1.400000 -0.435000
v -2.600000 1.800000 -0.435000
v -2.400000 1.400000 -0.385000
v -2.400000 1.800000 -0.385000
v -2.400000 1.400000 -0.435000
v -2.400000 1.800000 -0.435000
vn -1.0000 -0.0000 -0.0000
vn -0.0000 -0.0000 -1.0000
vn 1.0000 -0.0000 -0.0000
vn -0.0000 -0.0000 1.0000
vn -0.0000 -1.0000 -0.0000
vn -0.0000 1.0000 -0.0000
vt 0.625000 0.000000
vt 0.375000 0.250000
vt 0.375000 0.000000
vt 0.625000 0.250000
vt 0.375000 0.500000
vt 0.625000 0.500000
vt 0.375000 0.750000
vt 0.625000 0.750000
vt 0.375000 1.000000
vt 0.125000 0.750000
vt 0.125000 0.500000
vt 0.875000 0.500000
vt 0.625000 1.000000
vt 0.875000 0.750000
s 0
usemtl BlueGlow
f 1298/855/312 1299/856/312 1297/857/312
f 1300/858/313 1303/859/313 1299/856/313
f 1304/860/314 1301/861/314 1303/859/314
f 1302/862/315 1297/863/315 1301/861/315
f 1303/859/316 1297/864/316 1299/865/316
f 1300/866/317 1302/862/317 1304/860/317
f 1298/855/312 1300/858/312 1299/856/312
f 1300/858/313 1304/860/313 1303/859/313
f 1304/860/314 1302/862/314 1301/861/314
f 1302/862/315 1298/867/315 1297/863/315
f 1303/859/316 1301/861/316 1297/864/316
f 1300/866/317 1298/868/317 1302/862/317
o Rune_R_1.6
v 2.400000 1.400000 -0.385000
v 2.400000 1.800000 -0.385000
v 2.400000 1.400000 -0.435000
v 2.400000 1.800000 -0.435000
v 2.600000 1.400000 -0.385000
v 2.600000 1.800000 -0.385000
v 2.600000 1.400000 -0.435000
v 2.600000 1.800000 -0.435000
vn -1.0000 -0.0000 -0.0000
vn -0.0000 -0.0000 -1.0000
vn 1.0000 -0.0000 -0.0000
vn -0.0000 -0.0000 1.0000
vn -0.0000 -1.0000 -0.0000
vn -0.0000 1.0000 -0.0000
vt 0.625000 0.000000
vt 0.375000 0.250000
vt 0.375000 0.000000
vt 0.625000 0.250000
vt 0.375000 0.500000
vt 0.625000 0.500000
vt 0.375000 0.750000
vt 0.625000 0.750000
vt 0.375000 1.000000
vt 0.125000 0.750000
vt 0.125000 0.500000
vt 0.875000 0.500000
vt 0.625000 1.000000
vt 0.875000 0.750000
s 0
usemtl BlueGlow
f 1306/869/318 1307/870/318 1305/871/318
f 1308/872/319 1311/873/319 1307/870/319
f 1312/874/320 1309/875/320 1311/873/320
f 1310/876/321 1305/877/321 1309/875/321
f 1311/873/322 1305/878/322 1307/879/322
f 1308/880/323 1310/876/323 1312/874/323
f 1306/869/318 1308/872/318 1307/870/318
f 1308/872/319 1312/874/319 1311/873/319
f 1312/874/320 1310/876/320 1309/875/320
f 1310/876/321 1306/881/321 1305/877/321
f 1311/873/322 1309/875/322 1305/878/322
f 1308/880/323 1306/882/323 1310/876/323
o Rune_L_2.4
v -2.600000 2.200000 -0.385000
v -2.600000 2.600000 -0.385000
v -2.600000 2.200000 -0.435000
v -2.600000 2.600000 -0.435000
v -2.400000 2.200000 -0.385000
v -2.400000 2.600000 -0.385000
v -2.400000 2.200000 -0.435000
v -2.400000 2.600000 -0.435000
vn -1.0000 -0.0000 -0.0000
vn -0.0000 -0.0000 -1.0000
vn 1.0000 -0.0000 -0.0000
vn -0.0000 -0.0000 1.0000
vn -0.0000 -1.0000 -0.0000
vn -0.0000 1.0000 -0.0000
vt 0.625000 0.000000
vt 0.375000 0.250000
vt 0.375000 0.000000
vt 0.625000 0.250000
vt 0.375000 0.500000
vt 0.625000 0.500000
vt 0.375000 0.750000
vt 0.625000 0.750000
vt 0.375000 1.000000
vt 0.125000 0.750000
vt 0.125000 0.500000
vt 0.875000 0.500000
vt 0.625000 1.000000
vt 0.875000 0.750000
s 0
usemtl BlueGlow
f 1314/883/324 1315/884/324 1313/885/324
f 1316/886/325 1319/887/325 1315/884/325
f 1320/888/326 1317/889/326 1319/887/326
f 1318/890/327 1313/891/327 1317/889/327
f 1319/887/328 1313/892/328 1315/893/328
f 1316/894/329 1318/890/329 1320/888/329
f 1314/883/324 1316/886/324 1315/884/324
f 1316/886/325 1320/888/325 1319/887/325
f 1320/888/326 1318/890/326 1317/889/326
f 1318/890/327 1314/895/327 1313/891/327
f 1319/887/328 1317/889/328 1313/892/328
f 1316/894/329 1314/896/329 1318/890/329
o Rune_R_2.4
v 2.400000 2.200000 -0.385000
v 2.400000 2.600000 -0.385000
v 2.400000 2.200000 -0.435000
v 2.400000 2.600000 -0.435000
v 2.600000 2.200000 -0.385000
v 2.600000 2.600000 -0.385000
v 2.600000 2.200000 -0.435000
v 2.600000 2.600000 -0.435000
vn -1.0000 -0.0000 -0.0000
vn -0.0000 -0.0000 -1.0000
vn 1.0000 -0.0000 -0.0000
vn -0.0000 -0.0000 1.0000
vn -0.0000 -1.0000 -0.0000
vn -0.0000 1.0000 -0.0000
vt 0.625000 0.000000
vt 0.375000 0.250000
vt 0.375000 0.000000
vt 0.625000 0.250000
vt 0.375000 0.500000
vt 0.625000 0.500000
vt 0.375000 0.750000
vt 0.625000 0.750000
vt 0.375000 1.000000
vt 0.125000 0.750000
vt 0.125000 0.500000
vt 0.875000 0.500000
vt 0.625000 1.000000
vt 0.875000 0.750000
s 0
usemtl BlueGlow
f 1322/897/330 1323/898/330 1321/899/330
f 1324/900/331 1327/901/331 1323/898/331
f 1328/902/332 1325/903/332 1327/901/332
f 1326/904/333 1321/905/333 1325/903/333
f 1327/901/334 1321/906/334 1323/907/334
f 1324/908/335 1326/904/335 1328/902/335
f 1322/897/330 1324/900/330 1323/898/330
f 1324/900/331 1328/902/331 1327/901/331
f 1328/902/332 1326/904/332 1325/903/332
f 1326/904/333 1322/909/333 1321/905/333
f 1327/901/334 1325/903/334 1321/906/334
f 1324/908/335 1322/910/335 1326/904/335
o Rune_L_3.2
v -2.600000 3.000000 -0.385000
v -2.600000 3.400000 -0.385000
v -2.600000 3.000000 -0.435000
v -2.600000 3.400000 -0.435000
v -2.400000 3.000000 -0.385000
v -2.400000 3.400000 -0.385000
v -2.400000 3.000000 -0.435000
v -2.400000 3.400000 -0.435000
vn -1.0000 -0.0000 -0.0000
vn -0.0000 -0.0000 -1.0000
vn 1.0000 -0.0000 -0.0000
vn -0.0000 -0.0000 1.0000
vn -0.0000 -1.0000 -0.0000
vn -0.0000 1.0000 -0.0000
vt 0.625000 0.000000
vt 0.375000 0.250000
vt 0.375000 0.000000
vt 0.625000 0.250000
vt 0.375000 0.500000
vt 0.625000 0.500000
vt 0.375000 0.750000
vt 0.625000 0.750000
vt 0.375000 1.000000
vt 0.125000 0.750000
vt 0.125000 0.500000
vt 0.875000 0.500000
vt 0.625000 1.000000
vt 0.875000 0.750000
s 0
usemtl BlueGlow
f 1330/911/336 1331/912/336 1329/913/336
f 1332/914/337 1335/915/337 1331/912/337
f 1336/916/338 1333/917/338 1335/915/338
f 1334/918/339 1329/919/339 1333/917/339
f 1335/915/340 1329/920/340 1331/921/340
f 1332/922/341 1334/918/341 1336/916/341
f 1330/911/336 1332/914/336 1331/912/336
f 1332/914/337 1336/916/337 1335/915/337
f 1336/916/338 1334/918/338 1333/917/338
f 1334/918/339 1330/923/339 1329/919/339
f 1335/915/340 1333/917/340 1329/920/340
f 1332/922/341 1330/924/341 1334/918/341
o Rune_R_3.2
v 2.400000 3.000000 -0.385000
v 2.400000 3.400000 -0.385000
v 2.400000 3.000000 -0.435000
v 2.400000 3.400000 -0.435000
v 2.600000 3.000000 -0.385000
v 2.600000 3.400000 -0.385000
v 2.600000 3.000000 -0.435000
v 2.600000 3.400000 -0.435000
vn -1.0000 -0.0000 -0.0000
vn -0.0000 -0.0000 -1.0000
vn 1.0000 -0.0000 -0.0000
vn -0.0000 -0.0000 1.0000
vn -0.0000 -1.0000 -0.0000
vn -0.0000 1.0000 -0.0000
vt 0.625000 0.000000
vt 0.375000 0.250000
vt 0.375000 0.000000
vt 0.625000 0.250000
vt 0.375000 0.500000
vt 0.625000 0.500000
vt 0.375000 0.750000
vt 0.625000 0.750000
vt 0.375000 1.000000
vt 0.125000 0.750000
vt 0.125000 0.500000
vt 0.875000 0.500000
vt 0.625000 1.000000
vt 0.875000 0.750000
s 0
usemtl BlueGlow
f 1338/925/342 1339/926/342 1337/927/342
f 1340/928/343 1343/929/343 1339/926/343
f 1344/930/344 1341/931/344 1343/929/344
f 1342/932/345 1337/933/345 1341/931/345
f 1343/929/346 1337/934/346 1339/935/346
f 1340/936/347 1342/932/347 1344/930/347
f 1338/925/342 1340/928/342 1339/926/342
f 1340/928/343 1344/930/343 1343/929/343
f 1344/930/344 1342/932/344 1341/931/344
f 1342/932/345 1338/937/345 1337/933/345
f 1343/929/346 1341/931/346 1337/934/346
f 1340/936/347 1338/938/347 1342/932/347
o Rune_L_4.0
v -2.600000 3.800000 -0.385000
v -2.600000 4.200000 -0.385000
v -2.600000 3.800000 -0.435000
v -2.600000 4.200000 -0.435000
v -2.400000 3.800000 -0.385000
v -2.400000 4.200000 -0.385000
v -2.400000 3.800000 -0.435000
v -2.400000 4.200000 -0.435000
vn -1.0000 -0.0000 -0.0000
vn -0.0000 -0.0000 -1.0000
vn 1.0000 -0.0000 -0.0000
vn -0.0000 -0.0000 1.0000
vn -0.0000 -1.0000 -0.0000
vn -0.0000 1.0000 -0.0000
vt 0.625000 0.000000
vt 0.375000 0.250000
vt 0.375000 0.000000
vt 0.625000 0.250000
vt 0.375000 0.500000
vt 0.625000 0.500000
vt 0.375000 0.750000
vt 0.625000 0.750000
vt 0.375000 1.000000
vt 0.125000 0.750000
vt 0.125000 0.500000
vt 0.875000 0.500000
vt 0.625000 1.000000
vt 0.875000 0.750000
s 0
usemtl BlueGlow
f 1346/939/348 1347/940/348 1345/941/348
f 1348/942/349 1351/943/349 1347/940/349
f 1352/944/350 1349/945/350 1351/943/350
f 1350/946/351 1345/947/351 1349/945/351
f 1351/943/352 1345/948/352 1347/949/352
f 1348/950/353 1350/946/353 1352/944/353
f 1346/939/348 1348/942/348 1347/940/348
f 1348/942/349 1352/944/349 1351/943/349
f 1352/944/350 1350/946/350 1349/945/350
f 1350/946/351 1346/951/351 1345/947/351
f 1351/943/352 1349/945/352 1345/948/352
f 1348/950/353 1346/952/353 1350/946/353
o Rune_R_4.0
v 2.400000 3.800000 -0.385000
v 2.400000 4.200000 -0.385000
v 2.400000 3.800000 -0.435000
v 2.400000 4.200000 -0.435000
v 2.600000 3.800000 -0.385000
v 2.600000 4.200000 -0.385000
v 2.600000 3.800000 -0.435000
v 2.600000 4.200000 -0.435000
vn -1.0000 -0.0000 -0.0000
vn -0.0000 -0.0000 -1.0000
vn 1.0000 -0.0000 -0.0000
vn -0.0000 -0.0000 1.0000
vn -0.0000 -1.0000 -0.0000
vn -0.0000 1.0000 -0.0000
vt 0.625000 0.000000
vt 0.375000 0.250000
vt 0.375000 0.000000
vt 0.625000 0.250000
vt 0.375000 0.500000
vt 0.625000 0.500000
vt 0.375000 0.750000
vt 0.625000 0.750000
vt 0.375000 1.000000
vt 0.125000 0.750000
vt 0.125000 0.500000
vt 0.875000 0.500000
vt 0.625000 1.000000
vt 0.875000 0.750000
s 0
usemtl BlueGlow
f 1354/953/354 1355/954/354 1353/955/354
f 1356/956/355 1359/957/355 1355/954/355
f 1360/958/356 1357/959/356 1359/957/356
f 1358/960/357 1353/961/357 1357/959/357
f 1359/957/358 1353/962/358 1355/963/358
f 1356/964/359 1358/960/359 1360/958/359
f 1354/953/354 1356/956/354 1355/954/354
f 1356/956/355 1360/958/355 1359/957/355
f 1360/958/356 1358/960/356 1357/959/356
f 1358/960/357 1354/965/357 1353/961/357
f 1359/957/358 1357/959/358 1353/962/358
f 1356/964/359 1354/966/359 1358/960/359
